; generated by PrusaSlicer 2.9.6 on 2026-08-29 at 19:40:02 UTC

; 

; external perimeters extrusion width = 0.45mm
; perimeters extrusion width = 0.45mm
; infill extrusion width = 0.45mm
; solid infill extrusion width = 0.45mm
; top infill extrusion width = 0.40mm
; first layer extrusion width = 0.70mm

M104 S200 ; set temperature
;TYPE:Custom
G28 ; home all axes
G1 Z5 F5000 ; lift nozzle
M109 S200 ; set temperature and wait for it to be reached
G21 ; set units to millimeters
G90 ; use absolute coordinates
M82 ; use absolute distances for extrusion
G92 E0
; Filament gcode
M107
;LAYER_CHANGE
;Z:0.35
;HEIGHT:0.35
G1 E-2 F2400
G92 E0
G1 Z.35 F7800
G1 X92.054 Y91.775
G1 E2 F2400
;TYPE:Skirt/Brim
;WIDTH:0.7
G1 F1800
G1 X93.418 Y90.601 E2.16364
G1 X94.954 Y89.652 E2.32782
G1 X95.696 Y89.303 E2.40238
G1 X97.419 Y88.723 E2.56769
G1 X99.216 Y88.42 E2.7334
G1 X101.046 Y88.402 E2.89981
G1 X102.861 Y88.672 E3.06666
G1 X103.818 Y88.936 E3.15693
G1 X105.521 Y89.636 E3.32435
G1 X107.098 Y90.598 E3.49232
G1 X107.778 Y91.128 E3.57071
G1 X109.102 Y92.433 E3.73975
G1 X109.72 Y93.209 E3.82995
G1 X110.698 Y94.798 E3.99961
G1 X111.417 Y96.525 E4.16971
G1 X111.858 Y98.35 E4.34043
G1 X111.966 Y99.236 E4.42159
G1 X111.839 Y101.47 E4.62505
G1 X111.29 Y102.932 E4.76705
G1 X109.65 Y106.026 E5.08547
G1 X109.105 Y106.856 E5.17576
G1 X107.946 Y108.225 E5.33886
G1 X106.582 Y109.399 E5.5025
G1 X105.046 Y110.348 E5.66668
G1 X104.304 Y110.697 E5.74124
G1 X102.581 Y111.277 E5.90655
G1 X100.784 Y111.58 E6.07226
G1 X98.954 Y111.598 E6.23867
G1 X97.139 Y111.328 E6.40552
G1 X96.182 Y111.064 E6.49579
G1 X94.479 Y110.364 E6.66321
G1 X92.902 Y109.402 E6.83118
G1 X92.222 Y108.872 E6.90957
G1 X90.898 Y107.567 E7.07861
G1 X90.28 Y106.791 E7.16881
G1 X89.302 Y105.202 E7.33847
G1 X88.583 Y103.475 E7.50857
G1 X88.142 Y101.65 E7.67929
G1 X88.034 Y100.764 E7.76045
G1 X88.161 Y98.53 E7.96391
G1 X88.71 Y97.068 E8.10591
G1 X90.35 Y93.974 E8.42433
G1 X90.895 Y93.144 E8.51462
G1 X92.015 Y91.821 E8.67224
G1 E6.67224 F2400
G92 E0
G92 E0
G1 X103.047 Y97.986 F7800
G1 E2 F2400
;TYPE:External perimeter
;WIDTH:0.694019
G1 F1800
G1 X103.023 Y98.046 E2.00582
;WIDTH:0.645549
G1 X102.999 Y98.107 E2.01126
;WIDTH:0.597079
G1 X102.974 Y98.168 E2.01627
;WIDTH:0.548609
G1 X102.95 Y98.228 E2.02072
;WIDTH:0.500139
G1 X102.926 Y98.289 E2.02477
;WIDTH:0.451669
G1 X102.926 Y100.038 E2.1206
;WIDTH:0.500823
G1 X102.95 Y100.098 E2.1246
;WIDTH:0.549978
G1 X102.975 Y100.159 E2.12916
;WIDTH:0.599133
G1 X103 Y100.22 E2.13419
;WIDTH:0.648288
G1 X103.024 Y100.281 E2.13966
;WIDTH:0.697443
G1 X103.049 Y100.342 E2.14563
G1 X103.028 Y100.671 E2.17548
;WIDTH:0.656065
G1 X103.007 Y101 E2.20335
;WIDTH:0.614687
G1 X102.987 Y101.132 E2.21383
;WIDTH:0.573931
G1 X102.967 Y101.265 E2.22359
;WIDTH:0.533176
G1 X102.946 Y101.398 E2.23256
;WIDTH:0.49242
G1 X102.926 Y101.531 E2.24073
;WIDTH:0.451667
G1 X102.926 Y102.212 E2.27804
;WIDTH:0.495254
G1 X102.948 Y102.264 E2.28149
;WIDTH:0.538841
G1 X102.969 Y102.317 E2.28534
;WIDTH:0.582429
G1 X102.991 Y102.369 E2.28951
;WIDTH:0.626016
G1 X103.013 Y102.421 E2.29404
;WIDTH:0.669603
G1 X103.035 Y102.474 E2.299
;WIDTH:0.713191
G1 X103.057 Y102.526 E2.30424
G1 X102.959 Y102.68 E2.32119
;WIDTH:0.667801
G1 X102.861 Y102.834 E2.33693
;WIDTH:0.622411
G1 X102.763 Y102.987 E2.3514
;WIDTH:0.577021
G1 X102.689 Y102.965 E2.35704
;WIDTH:0.531043
G1 X102.614 Y102.942 E2.36224
;WIDTH:0.485066
G1 X102.54 Y102.92 E2.36685
;WIDTH:0.439089
G1 X101.836 Y102.92 E2.40414
;WIDTH:0.441849
G1 X101.804 Y102.921 E2.40585
G1 X101.9 Y102.533 F7800
G1 E.40585 F2400
G92 E0
G1 X97.635 Y102.92 F7800
G1 E2 F2400
;WIDTH:0.439089
G1 F1800
G1 X97.217 Y102.9 E2.02216
;WIDTH:0.417595
G1 X97.097 Y102.783 E2.03051
;WIDTH:0.45533
G1 X97.075 Y102.55 E2.04346
;WIDTH:0.493065
G1 X97.053 Y102.318 E2.05763
;WIDTH:0.533256
G1 X97.033 Y102.257 E2.06191
;WIDTH:0.573447
G1 X97.013 Y102.196 E2.06657
;WIDTH:0.613638
G1 X96.993 Y102.136 E2.07153
;WIDTH:0.653829
G1 X96.973 Y102.075 E2.07694
;WIDTH:0.694021
G1 X96.953 Y102.014 E2.08272
G1 X96.903 Y101.99 E2.08771
;WIDTH:0.647536
G1 X96.853 Y101.965 E2.09237
;WIDTH:0.601051
G1 X96.803 Y101.94 E2.09665
;WIDTH:0.554566
G1 X96.753 Y101.915 E2.10055
;WIDTH:0.508081
G1 X96.703 Y101.89 E2.10407
;WIDTH:0.461596
G1 X96.653 Y101.866 E2.10719
;WIDTH:0.415111
G1 X96.313 Y101.228 E2.14296
G1 X96.128 Y100.639 E2.1735
G1 X96.037 Y100.025 E2.20421
G1 X96.044 Y99.399 E2.23518
G1 X96.15 Y98.776 E2.26645
G1 X96.355 Y98.171 E2.29805
G1 X96.612 Y97.68 E2.32547
;WIDTH:0.444595
G1 X96.693 Y97.581 E2.33235
;WIDTH:0.489361
G1 X96.734 Y97.564 E2.33503
;WIDTH:0.534127
G1 X96.776 Y97.546 E2.33808
;WIDTH:0.578893
G1 X96.818 Y97.528 E2.34143
;WIDTH:0.623659
G1 X96.86 Y97.51 E2.34508
;WIDTH:0.668425
G1 X96.902 Y97.492 E2.34903
;WIDTH:0.713191
G1 X96.943 Y97.474 E2.35319
G1 X96.979 Y97.387 E2.36193
;WIDTH:0.66489
G1 X97.014 Y97.301 E2.3699
;WIDTH:0.61659
G1 X97.05 Y97.214 E2.37732
;WIDTH:0.568289
G1 X97.085 Y97.128 E2.38398
;WIDTH:0.5485
G1 X97.161 Y97.07 E2.39057
;WIDTH:0.577011
G1 X97.237 Y97.013 E2.39751
;WIDTH:0.622404
G1 X97.139 Y97.166 E2.41198
;WIDTH:0.667797
G1 X97.041 Y97.32 E2.42772
;WIDTH:0.713191
G1 X96.943 Y97.474 E2.44467
G1 X96.965 Y97.526 E2.44991
;WIDTH:0.669604
G1 X96.987 Y97.579 E2.45487
;WIDTH:0.626017
G1 X97.009 Y97.631 E2.4594
;WIDTH:0.58243
G1 X97.031 Y97.683 E2.46357
;WIDTH:0.538843
G1 X97.052 Y97.736 E2.46742
;WIDTH:0.495256
G1 X97.074 Y97.788 E2.47087
;WIDTH:0.451669
G1 X97.074 Y98.469 E2.50818
;WIDTH:0.492421
G1 X97.054 Y98.602 E2.51635
;WIDTH:0.533177
G1 X97.033 Y98.735 E2.52532
;WIDTH:0.573933
G1 X97.013 Y98.868 E2.53508
;WIDTH:0.614689
G1 X96.993 Y99 E2.54556
;WIDTH:0.656067
G1 X96.972 Y99.329 E2.57343
;WIDTH:0.697445
G1 X96.951 Y99.658 E2.60328
G1 X96.976 Y99.719 E2.60925
;WIDTH:0.64829
G1 X97 Y99.78 E2.61472
;WIDTH:0.599135
G1 X97.025 Y99.841 E2.61975
;WIDTH:0.54998
G1 X97.05 Y99.902 E2.62431
;WIDTH:0.500825
G1 X97.074 Y99.962 E2.62831
;WIDTH:0.451671
G1 X97.074 Y101.711 E2.72415
;WIDTH:0.500141
G1 X97.05 Y101.772 E2.7282
;WIDTH:0.548611
G1 X97.026 Y101.832 E2.73265
;WIDTH:0.597081
G1 X97.001 Y101.893 E2.73766
;WIDTH:0.645551
G1 X96.977 Y101.954 E2.7431
;WIDTH:0.694021
G1 X96.953 Y102.014 E2.74892
G1 X97.074 Y102.396 F7800
G1 E.74892 F2400
G92 E0
G1 X94.525 Y100.199 F7800
G1 E2 F2400
;WIDTH:0.415111
G1 F1800
G1 X94.605 Y100.846 E2.03225
G1 X94.84 Y101.668 E2.07455
G1 X95.198 Y102.437 E2.11652
G1 X95.67 Y103.135 E2.15821
G1 X96.24 Y103.747 E2.19959
G1 X96.895 Y104.258 E2.24069
G1 X97.617 Y104.657 E2.2815
G1 X98.387 Y104.936 E2.32202
G1 X99.185 Y105.09 E2.36223
G1 X99.991 Y105.116 E2.40213
G1 X100.785 Y105.017 E2.44172
G1 X101.549 Y104.796 E2.48107
G1 X102.262 Y104.461 E2.52004
G1 X102.91 Y104.021 E2.55879
G1 X103.476 Y103.489 E2.59722
G1 X103.948 Y102.88 E2.63534
G1 X104.315 Y102.21 E2.67314
G1 X104.571 Y101.496 E2.71067
G1 X104.711 Y100.756 E2.74793
G1 X104.733 Y100.01 E2.78485
G1 X104.638 Y99.275 E2.82152
G1 X104.432 Y98.571 E2.85781
G1 X104.119 Y97.912 E2.8939
G1 X103.711 Y97.316 E2.92963
G1 X103.216 Y96.799 E2.96504
G1 X102.655 Y96.363 E3.00019
G1 X102.036 Y96.027 E3.03504
G1 X101.378 Y95.794 E3.06957
G1 X100.697 Y95.668 E3.10383
G1 X100.011 Y95.65 E3.13778
G1 X99.336 Y95.74 E3.17147
G1 X98.69 Y95.933 E3.20483
G1 X98.087 Y96.222 E3.23791
G1 X97.542 Y96.598 E3.27067
G1 X97.329 Y96.802 E3.28526
;WIDTH:0.455586
G1 X97.306 Y96.855 E3.28846
;WIDTH:0.496061
G1 X97.283 Y96.907 E3.29194
;WIDTH:0.536536
G1 X97.26 Y96.96 E3.29582
;WIDTH:0.577011
G1 X97.237 Y97.013 E3.30004
G1 X97.311 Y97.035 E3.30568
;WIDTH:0.531037
G1 X97.386 Y97.058 E3.31088
;WIDTH:0.485064
G1 X97.46 Y97.08 E3.31549
;WIDTH:0.439091
G1 X98.164 Y97.08 E3.35278
;WIDTH:0.441849
G1 X98.196 Y97.079 E3.35449
G1 X97.909 Y97.358 F7800
G1 E1.35449 F2400
G92 E0
G1 X102.365 Y97.08 F7800
G1 E2 F2400
;WIDTH:0.439089
G1 F1800
G1 X102.81 Y97.112 E2.02363
;WIDTH:0.415601
G1 X102.907 Y97.243 E2.03171
;WIDTH:0.454332
G1 X102.927 Y97.463 E2.0439
;WIDTH:0.493063
G1 X102.947 Y97.682 E2.05727
;WIDTH:0.533254
G1 X102.967 Y97.743 E2.06155
;WIDTH:0.573445
G1 X102.987 Y97.804 E2.06621
;WIDTH:0.613636
G1 X103.007 Y97.864 E2.07117
;WIDTH:0.653827
G1 X103.027 Y97.925 E2.07658
;WIDTH:0.694019
G1 X103.047 Y97.986 E2.08236
G1 X103.097 Y98.01 E2.08735
;WIDTH:0.647534
G1 X103.146 Y98.035 E2.09193
;WIDTH:0.601049
G1 X103.196 Y98.06 E2.09621
;WIDTH:0.554565
G1 X103.245 Y98.085 E2.10005
;WIDTH:0.50808
G1 X103.295 Y98.109 E2.10354
;WIDTH:0.461595
G1 X103.344 Y98.134 E2.10663
;WIDTH:0.415111
G1 X103.688 Y98.775 E2.14262
G1 X103.872 Y99.361 E2.17301
G1 X103.963 Y99.975 E2.20372
G1 X103.956 Y100.601 E2.23469
G1 X103.85 Y101.224 E2.26596
G1 X103.645 Y101.829 E2.29756
G1 X103.388 Y102.32 E2.32498
;WIDTH:0.444599
G1 X103.307 Y102.419 E2.33186
;WIDTH:0.489364
G1 X103.266 Y102.436 E2.33454
;WIDTH:0.534129
G1 X103.224 Y102.454 E2.33759
;WIDTH:0.578895
G1 X103.182 Y102.472 E2.34094
;WIDTH:0.62366
G1 X103.14 Y102.49 E2.34459
;WIDTH:0.668425
G1 X103.098 Y102.508 E2.34854
;WIDTH:0.713191
G1 X103.057 Y102.526 E2.3527
G1 X103.015 Y102.62 E2.36226
;WIDTH:0.665732
G1 X102.973 Y102.714 E2.37111
;WIDTH:0.618274
G1 X102.931 Y102.808 E2.37925
;WIDTH:0.570815
G1 X102.89 Y102.902 E2.38665
;WIDTH:0.550189
G1 X102.826 Y102.945 E2.39198
;WIDTH:0.577021
G1 X102.763 Y102.987 E2.39751
G1 X102.735 Y103.045 E2.40221
;WIDTH:0.536543
G1 X102.707 Y103.102 E2.40647
;WIDTH:0.496066
G1 X102.68 Y103.16 E2.41039
;WIDTH:0.455588
G1 X102.652 Y103.218 E2.41396
;WIDTH:0.415111
G1 X102.458 Y103.402 E2.42719
G1 X101.942 Y103.76 E2.45826
G1 X101.343 Y104.054 E2.49127
G1 X100.698 Y104.252 E2.52465
G1 X100.024 Y104.347 E2.55833
G1 X99.338 Y104.335 E2.59227
G1 X98.656 Y104.214 E2.62654
G1 X97.996 Y103.986 E2.66109
G1 X97.374 Y103.655 E2.69595
G1 X96.884 Y103.288 E2.72624
G1 X96.313 Y102.711 E2.7664
G1 X95.898 Y102.116 E2.80229
G1 X95.581 Y101.46 E2.83834
G1 X95.369 Y100.757 E2.87467
G1 X95.27 Y100.023 E2.91131
G1 X95.286 Y99.277 E2.94823
G1 X95.421 Y98.537 E2.98545
G1 X95.672 Y97.821 E3.02299
G1 X96.036 Y97.148 E3.06084
G1 X96.503 Y96.536 E3.09893
G1 X97.066 Y96 E3.13739
G1 X97.71 Y95.556 E3.17609
G1 X98.422 Y95.216 E3.21513
G1 X99.184 Y94.991 E3.25444
G1 X99.978 Y94.886 E3.29406
G1 X100.784 Y94.908 E3.33395
G1 X101.583 Y95.057 E3.37416
G1 X102.354 Y95.331 E3.41464
G1 X103.078 Y95.726 E3.45544
G1 X103.736 Y96.233 E3.49654
G1 X104.31 Y96.841 E3.53791
G1 X104.786 Y97.537 E3.57963
G1 X105.149 Y98.304 E3.62161
G1 X105.388 Y99.124 E3.66387
G1 X105.475 Y99.801 E3.69764
G1 X105.192 Y99.519 F7800
G1 E1.69764 F2400
G92 E0
G1 X101.371 Y96.6 F7800
G1 E2 F2400
;WIDTH:0.428975
G1 F1800
G1 X101.737 Y96.754 E2.02045
;WIDTH:0.439089
G1 X102.365 Y97.08 E2.05793
;WIDTH:0.439091
G1 X101.295 Y97.08 E2.1146
G1 X101.452 Y96.924 E2.12632
;WIDTH:0.425369
G1 X101.489 Y96.781 E2.13385
G1 X101.404 Y96.651 E2.14177
G1 X101.786 Y96.769 F7800
G1 X101.117 Y96.518
;WIDTH:0.415111
G1 F1800
G1 X101.371 Y96.6 E2.15498
;WIDTH:0.439091
G1 X101.241 Y97.08 E2.18132
G1 X99.258 Y97.08 E2.28635
G1 X99.104 Y96.607 E2.3127
;WIDTH:0.415111
G1 X99.458 Y96.497 E2.33104
G1 X100.013 Y96.417 E2.35878
G1 X100.579 Y96.425 E2.38679
G1 X101.058 Y96.507 E2.41083
G1 X101.371 Y96.756 F7800
G1 E.41083 F2400
G92 E0
G1 X99.104 Y96.607 F7800
G1 E2 F2400
;WIDTH:0.420317
G1 F1800
G1 X99.011 Y96.729 E2.00771
;WIDTH:0.426117
G1 X99.021 Y96.884 E2.01564
;WIDTH:0.43909
G1 X99.201 Y97.08 E2.02973
G1 X98.848 Y97.087 E2.04843
;WIDTH:0.441849
G1 X98.196 Y97.079 E2.08323
G1 X98.451 Y96.913 E2.09947
;WIDTH:0.429733
G1 X99.05 Y96.633 E2.13359
G1 X99.091 Y97.031 F7800
G1 E.13359 F2400
G92 E0
G1 X98.629 Y103.4 F7800
G1 E2 F2400
;WIDTH:0.428974
G1 F1800
G1 X98.263 Y103.246 E2.02045
;WIDTH:0.439089
G1 X97.635 Y102.92 E2.05793
;WIDTH:0.439088
G1 X98.705 Y102.92 E2.1146
G1 X98.548 Y103.076 E2.12632
;WIDTH:0.425369
G1 X98.511 Y103.219 E2.13385
G1 X98.596 Y103.349 E2.14177
G1 X98.214 Y103.231 F7800
G1 X98.883 Y103.482
;WIDTH:0.415111
G1 F1800
G1 X98.629 Y103.4 E2.15498
;WIDTH:0.439089
G1 X98.759 Y102.92 E2.18132
G1 X100.742 Y102.92 E2.28635
G1 X100.896 Y103.393 E2.3127
;WIDTH:0.415111
G1 X100.542 Y103.503 E2.33104
G1 X99.987 Y103.583 E2.35878
G1 X99.421 Y103.575 E2.38679
G1 X98.942 Y103.493 E2.41083
G1 X98.629 Y103.244 F7800
G1 E.41083 F2400
G92 E0
G1 X100.896 Y103.393 F7800
G1 E2 F2400
;WIDTH:0.420316
G1 F1800
G1 X100.989 Y103.271 E2.00771
;WIDTH:0.426115
G1 X100.979 Y103.116 E2.01564
;WIDTH:0.439089
G1 X100.799 Y102.92 E2.02973
G1 X101.152 Y102.913 E2.04843
;WIDTH:0.441849
G1 X101.804 Y102.921 E2.08323
G1 X101.549 Y103.087 E2.09947
;WIDTH:0.429731
G1 X100.95 Y103.367 E2.13359
G1 X100.909 Y102.969 F7800
;LAYER_CHANGE
;Z:0.65
;HEIGHT:0.3
G1 Z.65 F7800
G1 X102.864 Y102.837
;WIDTH:0.404381
G1 F611
G1 X102.9 Y102.732 E2.1383
;WIDTH:0.402731
G1 X102.899 Y102.485 E2.14872
;WIDTH:0.399118
G1 X102.899 Y101.959 E2.17068
;WIDTH:0.398859
G1 X102.899 Y98.042 E2.33409
;WIDTH:0.404381
G1 X102.881 Y97.187 E2.37036
G1 X103.107 Y97.483 E2.38615
;WIDTH:0.399633
G1 X103.234 Y98.042 E2.41012
;WIDTH:0.398859
G1 X103.234 Y101.978 E2.57432
;WIDTH:0.399118
G1 X103.113 Y102.509 E2.59706
;WIDTH:0.404381
G1 X102.9 Y102.789 E2.61198
G1 X102.899 Y102.389 F7800
G1 E.61198 F2400
G92 E0
G1 X97.136 Y97.163 F7800
G1 E2 F2400
G1 F611
G1 X97.251 Y97.029 E2.00749
;WIDTH:0.39465
G1 X97.761 Y96.793 E2.03064
;WIDTH:0.38089
G1 X102.275 Y96.793 E2.20884
;WIDTH:0.394646
G1 X102.75 Y97.028 E2.23067
;WIDTH:0.404381
G1 X102.864 Y97.163 E2.23816
G1 X102.742 Y97.104 E2.24391
;WIDTH:0.395377
G1 X102.239 Y97.11 E2.26468
;WIDTH:0.38089
G1 X97.761 Y97.11 E2.44146
;WIDTH:0.39465
G1 X97.268 Y97.104 E2.46177
;WIDTH:0.404381
G1 X97.191 Y97.138 E2.46534
G1 X97.507 Y96.894 F7800
G1 E.46534 F2400
G92 E0
G1 X97.136 Y102.837 F7800
G1 E2 F2400
G1 F611
G1 X96.893 Y102.533 E2.0165
;WIDTH:0.399118
G1 X96.766 Y101.978 E2.04027
;WIDTH:0.398859
G1 X96.766 Y98.022 E2.20531
;WIDTH:0.399519
G1 X96.888 Y97.491 E2.22808
;WIDTH:0.404381
G1 X97.119 Y97.187 E2.24427
G1 X97.1 Y97.515 E2.2582
;WIDTH:0.399519
G1 X97.101 Y98.041 E2.28019
;WIDTH:0.398859
G1 X97.101 Y101.959 E2.44364
;WIDTH:0.402731
G1 X97.1 Y102.732 E2.47626
;WIDTH:0.404381
G1 X97.117 Y102.78 E2.47842
G1 X96.853 Y102.48 F7800
G1 E.47842 F2400
G92 E0
G1 X102.844 Y102.859 F7800
G1 E2 F2400
G1 F611
G1 X102.749 Y102.97 E2.0062
;WIDTH:0.396339
G1 X102.275 Y103.207 E2.02814
;WIDTH:0.380889
G1 X97.725 Y103.207 E2.20776
;WIDTH:0.396333
G1 X97.251 Y102.971 E2.22968
;WIDTH:0.404381
G1 X97.156 Y102.859 E2.23591
G1 X97.258 Y102.898 E2.24054
;WIDTH:0.397062
G1 X97.761 Y102.89 E2.26141
;WIDTH:0.380889
G1 X102.239 Y102.89 E2.43819
;WIDTH:0.396339
G1 X102.732 Y102.898 E2.4586
;WIDTH:0.404381
G1 X102.788 Y102.879 E2.46111
G1 X102.471 Y103.123 F7800
;LAYER_CHANGE
;Z:0.95
;HEIGHT:0.3
G1 E.46111 F2400
G92 E0
G1 Z.95 F7800
G1 X97.427 Y97.424
G1 E2 F2400
;WIDTH:0.446131
G1 F830
G1 X97.54 Y97.349 E2.00646
;WIDTH:0.45
G1 X102.46 Y97.349 E2.24309
;WIDTH:0.44613
G1 X102.618 Y97.454 E2.25212
;WIDTH:0.45
G1 X102.653 Y97.845 E2.271
G1 X102.648 Y102.46 E2.49297
;WIDTH:0.439537
G1 X102.579 Y102.595 E2.50006
;WIDTH:0.442512
G1 X102.46 Y102.649 E2.50622
;WIDTH:0.45
G1 X97.54 Y102.649 E2.74285
;WIDTH:0.442512
G1 X97.4 Y102.571 E2.75041
;WIDTH:0.439538
G1 X97.352 Y102.46 E2.75607
;WIDTH:0.45
G1 X97.347 Y97.845 E2.97804
G1 X97.382 Y97.461 E2.99659
G1 X97.768 Y97.359 F7800
G1 E.99659 F2400
G92 E0
G1 X101.772 Y96.968 F7800
G1 E2 F2400
;TYPE:Perimeter
;WIDTH:0.436821
G1 F830
G1 X98.228 Y96.968 E2.16463
G1 E.16463 F2400
G92 E0
G1 X96.939 Y101.329 F7800
G1 E2 F2400
;WIDTH:0.494321
G1 F830
G1 X96.939 Y98.671 E2.14253
G1 E.14253 F2400
G92 E0
G1 X101.772 Y103.032 F7800
G1 E2 F2400
;WIDTH:0.436819
G1 F830
G1 X98.228 Y103.032 E2.16463
G1 E.16463 F2400
G92 E0
G1 X103.061 Y98.671 F7800
G1 E2 F2400
;WIDTH:0.494319
G1 F830
G1 X103.061 Y101.329 E2.14253
G1 E.14253 F2400
G92 E0
G1 X97.321 Y103.005 F7800
G1 E2 F2400
;TYPE:External perimeter
;WIDTH:0.436154
G1 F830
G1 X97.121 Y102.794 E2.01348
;WIDTH:0.45
G1 X96.742 Y102.295 E2.04362
G1 X96.532 Y101.375 E2.08901
G1 X96.532 Y98.625 E2.22128
G1 X96.726 Y97.775 E2.26321
G1 X96.786 Y97.649 E2.26992
G1 X97.28 Y97.021 E2.30835
;WIDTH:0.446131
G1 X97.443 Y96.923 E2.31741
;WIDTH:0.45
G1 X98.141 Y96.589 E2.35463
G1 X101.772 Y96.589 E2.52927
G1 X101.937 Y96.627 E2.53741
G1 X102.646 Y96.962 E2.57513
;WIDTH:0.439108
G1 X102.916 Y97.256 E2.59379
;WIDTH:0.45
G1 X103.274 Y97.775 E2.62411
G1 X103.468 Y98.671 E2.6682
G1 X103.468 Y101.375 E2.79825
G1 X103.274 Y102.225 E2.84018
G1 X103.214 Y102.351 E2.84689
G1 X102.721 Y102.98 E2.88533
;WIDTH:0.442512
G1 X102.558 Y103.078 E2.8943
;WIDTH:0.45
G1 X101.859 Y103.411 E2.93154
G1 X98.228 Y103.411 E3.10618
G1 X98.063 Y103.373 E3.11432
G1 X97.365 Y103.045 E3.15141
G1 X97.094 Y102.75 F7800
M106 S244.8
;LAYER_CHANGE
;Z:1.25
;HEIGHT:0.3
G1 E1.15141 F2400
G92 E0
G1 Z1.25 F7800
G1 X97.871 Y97.875
G1 E2 F2400
;TYPE:Overhang perimeter
;WIDTH:0.4
;HEIGHT:0.4
M106 S255
G1 F900
G1 X97.965 Y97.772 E2.00729
M106 S244.8
;TYPE:Perimeter
;WIDTH:0.630809
;HEIGHT:0.3
G1 X97.988 Y97.746 E2.00974
;WIDTH:0.655895
G1 X97.998 Y97.753 E2.01064
;WIDTH:0.6995
G1 X98.009 Y97.759 E2.01163
;WIDTH:0.743105
G1 X98.019 Y97.766 E2.01266
;WIDTH:0.786711
G1 X98.029 Y97.772 E2.01371
;TYPE:Overhang perimeter
;WIDTH:0.4
;HEIGHT:0.4
M106 S255
G1 X98.067 Y97.797 E2.01609
G1 X98.174 Y97.772 E2.02183
M106 S244.8
;TYPE:Perimeter
;WIDTH:0.449999
;HEIGHT:0.3
G1 X98.318 Y97.739 E2.02894
G1 X101.682 Y97.739 E2.19074
G1 X101.862 Y97.772 E2.19954
;TYPE:Overhang perimeter
;WIDTH:0.4
;HEIGHT:0.4
M106 S255
G1 X101.984 Y97.795 E2.20603
G1 X102.185 Y97.917 E2.21831
G1 X102.228 Y97.977 E2.22217
M106 S244.8
;TYPE:Perimeter
;WIDTH:0.725136
;HEIGHT:0.3
G1 X102.233 Y97.984 E2.22288
;WIDTH:0.67928
G1 X102.239 Y97.992 E2.22365
;WIDTH:0.633424
G1 X102.244 Y98 E2.22432
;WIDTH:0.587568
G1 X102.25 Y98.008 E2.22497
;WIDTH:0.541712
G1 X102.255 Y98.015 E2.22548
;WIDTH:0.495856
G1 X102.261 Y98.023 E2.22602
;WIDTH:0.45
G1 X102.261 Y101.682 E2.40201
G1 X102.228 Y101.857 E2.41058
;TYPE:Overhang perimeter
;WIDTH:0.4
;HEIGHT:0.4
M106 S255
G1 X102.185 Y102.083 E2.4226
G1 X102.038 Y102.228 E2.43339
M106 S244.8
;TYPE:Perimeter
;WIDTH:0.576056
;HEIGHT:0.3
G1 X102.025 Y102.241 E2.43456
;WIDTH:0.612289
G1 X102.008 Y102.251 E2.43591
;WIDTH:0.564593
G1 X102.004 Y102.248 E2.43622
;WIDTH:0.516897
G1 X102 Y102.246 E2.43647
;WIDTH:0.469201
G1 X101.996 Y102.243 E2.43672
;WIDTH:0.421505
G1 X101.991 Y102.241 E2.43696
;WIDTH:0.37381
G1 X101.987 Y102.238 E2.43715
;WIDTH:0.326114
G1 X101.983 Y102.236 E2.4373
;WIDTH:0.278418
G1 X101.979 Y102.233 E2.43743
;WIDTH:0.230722
G1 X101.975 Y102.23 E2.43753
;WIDTH:0.183026
G1 X101.971 Y102.228 E2.4376
;TYPE:Overhang perimeter
;WIDTH:0.4
;HEIGHT:0.4
M106 S255
G1 X101.933 Y102.203 E2.43998
G1 X101.826 Y102.228 E2.44572
M106 S244.8
;TYPE:Perimeter
;WIDTH:0.45
;HEIGHT:0.3
G1 X101.682 Y102.261 E2.45283
G1 X98.318 Y102.261 E2.61463
;WIDTH:0.484197
G1 X98.244 Y102.25 E2.61855
;WIDTH:0.518395
G1 X98.17 Y102.239 E2.62279
;WIDTH:0.552593
G1 X98.096 Y102.228 E2.62735
;TYPE:Overhang perimeter
;WIDTH:0.4
;HEIGHT:0.4
M106 S255
G1 X98.011 Y102.215 E2.63184
G1 X97.815 Y102.083 E2.64419
G1 X97.772 Y101.857 E2.65621
M106 S244.8
;TYPE:Perimeter
;WIDTH:0.45
;HEIGHT:0.3
G1 X97.739 Y101.682 E2.66478
G1 X97.739 Y98.318 E2.82658
;WIDTH:0.495583
G1 X97.743 Y98.215 E2.83212
;WIDTH:0.541167
G1 X97.746 Y98.111 E2.83831
;WIDTH:0.586751
G1 X97.75 Y98.008 E2.84503
;WIDTH:0.624429
G1 X97.772 Y97.984 E2.8473
;TYPE:Overhang perimeter
;WIDTH:0.4
;HEIGHT:0.4
M106 S255
G1 X97.83 Y97.92 E2.85181
M106 S244.8
G1 X98.192 Y98.186 F7800
M106 S255
G1 F900
G1 X98.318 Y98.125 E2.85912
G1 X101.682 Y98.125 E3.03487
G1 X101.833 Y98.198 E3.04363
G1 X101.875 Y98.318 E3.05027
G1 X101.875 Y101.682 E3.22602
G1 X101.81 Y101.827 E3.23432
G1 X101.682 Y101.875 E3.24146
G1 X98.318 Y101.875 E3.41721
G1 X98.185 Y101.822 E3.42469
G1 X98.125 Y101.682 E3.43265
G1 X98.125 Y98.318 E3.6084
G1 X98.156 Y98.229 E3.61332
M106 S244.8
G1 X98.545 Y98.133 F7800
G1 E1.61332 F2400
G92 E0
G1 X98.063 Y102.586 F7800
G1 E2 F2400
;TYPE:Perimeter
;WIDTH:0.400519
;HEIGHT:0.3
G1 F900
G1 X98.752 Y102.608 E2.0289
;WIDTH:0.373089
G1 X101.682 Y102.608 E2.14172
G1 X102.084 Y102.516 E2.1576
G1 X101.706 Y102.713 E2.17401
G1 X101.248 Y102.916 E2.1933
G1 X98.715 Y102.916 E2.29083
;WIDTH:0.400519
G1 X98.116 Y102.613 E2.31897
G1 E.31897 F2400
G92 E0
G1 X97.44 Y98.044 F7800
G1 E2 F2400
;WIDTH:0.41262
G1 F900
G1 X97.372 Y98.318 E2.01226
G1 X97.372 Y101.682 E2.15837
G1 X97.484 Y102.011 E2.17347
G1 X97.262 Y101.733 E2.18892
G1 X97.024 Y100.69 E2.23539
G1 X97.024 Y99.31 E2.29533
G1 X97.254 Y98.304 E2.34015
G1 X97.405 Y98.093 E2.35142
G1 X97.916 Y97.484 F7800
;WIDTH:0.373089
G1 F900
G1 X98.294 Y97.287 E2.36783
G1 X98.752 Y97.084 E2.38712
G1 X101.285 Y97.084 E2.48465
;WIDTH:0.400521
G1 X101.937 Y97.414 E2.51529
G1 X101.248 Y97.392 E2.54419
;WIDTH:0.373089
G1 X98.318 Y97.392 E2.65701
G1 X97.975 Y97.471 E2.67056
G1 E.67056 F2400
G92 E0
G1 X101.937 Y97.414 F7800
G1 E2 F2400
;WIDTH:0.400521
G1 F900
G1 X102.034 Y97.455 E2.00442
G1 X102.56 Y98.044 F7800
;WIDTH:0.41262
G1 F900
G1 X102.746 Y98.304 E2.01831
G1 X102.976 Y99.31 E2.06313
G1 X102.976 Y100.69 E2.12307
G1 X102.746 Y101.696 E2.16789
G1 X102.516 Y102.011 E2.18483
G1 X102.628 Y101.682 E2.19993
G1 X102.628 Y98.318 E2.34604
G1 X102.575 Y98.103 E2.35566
G1 E.35566 F2400
G92 E0
G1 X97.648 Y102.746 F7800
G1 E2 F2400
;WIDTH:0.551669
G1 F900
G1 X97.53 Y102.576 E2.01258
;WIDTH:0.579922
G1 X97.412 Y102.405 E2.02594
G1 X97.249 Y102.235 E2.04108
;WIDTH:0.536614
G1 X97.086 Y102.066 E2.05491
;WIDTH:0.493307
G1 X96.923 Y101.896 E2.06751
;WIDTH:0.45
G1 X96.657 Y100.731 E2.12498
G1 X96.657 Y99.269 E2.1953
G1 X96.896 Y98.223 E2.24691
G1 X96.984 Y98.028 E2.2572
;WIDTH:0.493308
G1 X97.126 Y97.884 E2.26802
;WIDTH:0.536616
G1 X97.269 Y97.739 E2.28002
;WIDTH:0.579924
G1 X97.412 Y97.595 E2.29307
;WIDTH:0.61229
G1 X97.739 Y97.236 E2.32626
;WIDTH:0.571717
G1 X97.746 Y97.211 E2.3279
;WIDTH:0.531145
G1 X97.753 Y97.185 E2.32947
;WIDTH:0.490572
G1 X97.76 Y97.159 E2.3309
;WIDTH:0.45
G1 X98.638 Y96.736 E2.37777
G1 X101.362 Y96.736 E2.50878
G1 X101.857 Y96.974 E2.5352
;WIDTH:0.475588
G1 X102.108 Y97.11 E2.54984
;WIDTH:0.501177
G1 X102.359 Y97.245 E2.56537
;WIDTH:0.540549
G1 X102.474 Y97.42 E2.57781
;WIDTH:0.579922
G1 X102.588 Y97.595 E2.59124
G1 X102.731 Y97.739 E2.60429
;WIDTH:0.536614
G1 X102.874 Y97.884 E2.61628
;WIDTH:0.493307
G1 X103.016 Y98.028 E2.6271
;WIDTH:0.45
G1 X103.104 Y98.223 E2.63739
G1 X103.343 Y99.269 E2.689
G1 X103.343 Y100.731 E2.75932
G1 X103.104 Y101.777 E2.81093
G1 X103.016 Y101.972 E2.82122
;WIDTH:0.490572
G1 X102.829 Y102.164 E2.83547
;WIDTH:0.531144
G1 X102.642 Y102.355 E2.85103
;WIDTH:0.571716
G1 X102.455 Y102.546 E2.86794
;WIDTH:0.612289
G1 X102.261 Y102.764 E2.88788
;WIDTH:0.571716
G1 X102.254 Y102.789 E2.88952
;WIDTH:0.531144
G1 X102.247 Y102.815 E2.89109
;WIDTH:0.490572
G1 X102.24 Y102.841 E2.89252
;WIDTH:0.45
G1 X101.362 Y103.264 E2.93939
G1 X98.638 Y103.264 E3.0704
G1 X98.143 Y103.026 E3.09682
;WIDTH:0.486708
G1 X97.896 Y102.886 E3.11178
;WIDTH:0.523417
G1 X97.7 Y102.776 E3.12465
G1 X97.378 Y103.085 F7800
;TYPE:External perimeter
;WIDTH:0.45
G1 F900
G1 X96.567 Y102.068 E3.18721
G1 X96.272 Y100.775 E3.251
G1 X96.272 Y99.225 E3.32555
G1 X96.567 Y97.932 E3.38934
G1 X97.378 Y96.915 E3.4519
G1 X98.55 Y96.351 E3.51446
G1 X101.45 Y96.351 E3.65394
G1 X102.622 Y96.915 E3.7165
G1 X103.433 Y97.932 E3.77906
G1 X103.728 Y99.225 E3.84285
G1 X103.728 Y100.775 E3.9174
G1 X103.433 Y102.068 E3.98119
G1 X102.622 Y103.085 E4.04375
G1 X101.45 Y103.649 E4.10631
G1 X98.55 Y103.649 E4.24579
G1 X97.432 Y103.111 E4.30546
G1 X97.165 Y102.813 F7800
;LAYER_CHANGE
;Z:1.55
;HEIGHT:0.3
G1 Z1.55 F7800
G1 X98.416 Y101.583
;TYPE:Perimeter
G1 F900
G1 X98.342 Y101.505 E4.31063
G1 X98.156 Y101.119 E4.33124
G1 X98.132 Y99.096 E4.42855
G1 X98.157 Y98.875 E4.43925
G1 X98.342 Y98.495 E4.45958
G1 X98.677 Y98.227 E4.48021
G1 X99.096 Y98.132 E4.50087
G1 X100.904 Y98.132 E4.58783
G1 X101.323 Y98.227 E4.60849
G1 X101.658 Y98.495 E4.62912
G1 X101.844 Y98.881 E4.64973
G1 X101.868 Y99.988 E4.70299
G1 X101.868 Y100.904 E4.74705
G1 X101.843 Y101.125 E4.75775
G1 X101.658 Y101.505 E4.77808
G1 X101.447 Y101.701 E4.79193
G1 X101.166 Y101.832 E4.80684
G1 X100.723 Y101.868 E4.82822
G1 X99.096 Y101.868 E4.90647
G1 X98.677 Y101.773 E4.92713
G1 X98.457 Y101.627 E4.93983
G1 X98.691 Y101.302 F7800
;TYPE:Overhang perimeter
;WIDTH:0.4
;HEIGHT:0.4
M106 S255
G1 F900
G1 X98.55 Y101.064 E4.95428
M106 S244.8
;TYPE:Perimeter
;WIDTH:0.45
;HEIGHT:0.3
G1 X98.532 Y101.033 E4.956
G1 X98.517 Y99.096 E5.04917
G1 X98.55 Y98.967 E5.05557
;TYPE:Overhang perimeter
;WIDTH:0.4
;HEIGHT:0.4
M106 S255
G1 X98.588 Y98.819 E5.06355
G1 X98.77 Y98.617 E5.07776
G1 X98.989 Y98.55 E5.08973
M106 S244.8
;TYPE:Perimeter
;WIDTH:0.45
;HEIGHT:0.3
G1 X99.096 Y98.517 E5.09512
G1 X100.904 Y98.517 E5.18208
G1 X101.011 Y98.55 E5.18747
;TYPE:Overhang perimeter
;WIDTH:0.4
;HEIGHT:0.4
M106 S255
G1 X101.23 Y98.617 E5.19944
G1 X101.412 Y98.819 E5.21365
G1 X101.45 Y98.967 E5.22163
M106 S244.8
;TYPE:Perimeter
;WIDTH:0.45
;HEIGHT:0.3
G1 X101.483 Y99.096 E5.22803
G1 X101.483 Y100.904 E5.31499
G1 X101.45 Y101.066 E5.32294
;TYPE:Overhang perimeter
;WIDTH:0.4
;HEIGHT:0.4
M106 S255
G1 X101.288 Y101.338 E5.33948
G1 X101.082 Y101.45 E5.35173
M106 S244.8
;TYPE:Perimeter
;WIDTH:0.45
;HEIGHT:0.3
G1 X101.022 Y101.483 E5.35502
G1 X99.277 Y101.483 E5.43895
G1 X98.918 Y101.45 E5.45629
;TYPE:Overhang perimeter
;WIDTH:0.4
;HEIGHT:0.4
M106 S255
G1 X98.729 Y101.347 E5.46754
M106 S244.8
G1 X98.96 Y101.032 F7800
M106 S255
G1 F900
G1 X98.903 Y100.904 E5.47486
G1 X98.903 Y99.096 E5.56932
G1 X98.945 Y98.975 E5.57601
G1 X99.096 Y98.903 E5.58475
G1 X100.904 Y98.903 E5.67921
G1 X101.055 Y98.975 E5.68795
G1 X101.097 Y99.096 E5.69464
G1 X101.097 Y100.904 E5.7891
G1 X101.032 Y101.049 E5.7974
G1 X100.904 Y101.097 E5.80454
G1 X99.096 Y101.097 E5.899
G1 X99.007 Y101.064 E5.90396
M106 S244.8
G1 X98.91 Y100.676 F7800
G1 E3.90396 F2400
G92 E0
G1 X97.935 Y102.539 F7800
G1 E2 F2400
;TYPE:Perimeter
;WIDTH:0.45
;HEIGHT:0.3
G1 F900
G1 X97.105 Y101.498 E2.06403
G1 X96.8 Y100.162 E2.12994
G1 X96.783 Y99.912 E2.14199
G1 X97.105 Y98.502 E2.21155
G1 X97.935 Y97.461 E2.27558
G1 X99.134 Y96.884 E2.33958
G1 X100.866 Y96.884 E2.42288
G1 X102.065 Y97.461 E2.48688
G1 X102.895 Y98.502 E2.55091
G1 X103.228 Y100.04 E2.6266
G1 X102.895 Y101.498 E2.69853
G1 X102.065 Y102.539 E2.76256
G1 X100.866 Y103.116 E2.82656
G1 X99.134 Y103.116 E2.90986
G1 X97.989 Y102.565 E2.97098
G1 X97.688 Y102.848 F7800
G1 F900
G1 X96.748 Y101.67 E3.04347
G1 X96.424 Y100.248 E3.11362
G1 X96.397 Y99.869 E3.13189
G1 X96.748 Y98.33 E3.20781
G1 X97.688 Y97.152 E3.2803
G1 X99.046 Y96.498 E3.35279
G1 X100.954 Y96.498 E3.44456
G1 X102.312 Y97.152 E3.51705
G1 X103.252 Y98.33 E3.58954
G1 X103.603 Y99.988 E3.67105
G1 X103.603 Y100.131 E3.67793
G1 X103.252 Y101.67 E3.75385
G1 X102.312 Y102.848 E3.82634
G1 X100.954 Y103.502 E3.89883
G1 X99.046 Y103.502 E3.9906
G1 X97.742 Y102.874 E4.06021
G1 X97.442 Y103.157 F7800
;TYPE:External perimeter
G1 F900
G1 X96.392 Y101.841 E4.14118
G1 X96.048 Y100.333 E4.21557
G1 X96.012 Y99.825 E4.24006
G1 X96.392 Y98.159 E4.32225
G1 X97.442 Y96.843 E4.40322
G1 X98.958 Y96.112 E4.48417
G1 X101.042 Y96.112 E4.5844
G1 X102.558 Y96.843 E4.66535
G1 X103.608 Y98.159 E4.74632
G1 X103.952 Y99.667 E4.82071
G1 X103.988 Y100.175 E4.8452
G1 X103.608 Y101.841 E4.92739
G1 X102.558 Y103.157 E5.00836
G1 X101.042 Y103.888 E5.08931
G1 X98.958 Y103.888 E5.18954
G1 X97.496 Y103.183 E5.26761
G1 X97.229 Y102.885 F7800
G1 E3.26761 F2400
G92 E0
G1 X97.161 Y100.162 F7800
G1 E2 F2400
;TYPE:Solid infill
;WIDTH:0.575941
G1 F1200
G1 X97.287 Y100.245 E2.00963
G1 X97.765 Y100.398 E2.04165
G1 X97.81 Y100.898 E2.07368
;WIDTH:0.549515
G1 X97.84 Y101.196 E2.0918
;WIDTH:0.52309
G1 X97.968 Y101.426 E2.10686
;WIDTH:0.488772
G1 X98.096 Y101.655 E2.12075
;WIDTH:0.493591
G1 X98.404 Y101.949 E2.14354
G1 X98.776 Y102.136 E2.16583
;WIDTH:0.542179
G1 X99.026 Y102.182 E2.18098
;WIDTH:0.591985
G1 X99.277 Y102.229 E2.19778
G1 X100.723 Y102.229 E2.29294
G1 X100.974 Y102.182 E2.30974
;WIDTH:0.542175
G1 X101.224 Y102.136 E2.32489
;WIDTH:0.49237
G1 X101.627 Y101.931 E2.34903
G1 X101.904 Y101.655 E2.3699
;WIDTH:0.491134
G1 X102.037 Y101.398 E2.3853
;WIDTH:0.527678
G1 X102.17 Y101.14 E2.40207
;WIDTH:0.557396
G1 X102.194 Y100.753 E2.42591
;WIDTH:0.587113
G1 X102.218 Y100.366 E2.45119
G1 X102.838 Y100.14 E2.49421
G1 X102.67 Y100.951 E2.54821
;WIDTH:0.555083
G1 X102.609 Y101.288 E2.56917
;WIDTH:0.523052
G1 X102.513 Y101.466 E2.58074
;WIDTH:0.509052
G1 X102.347 Y101.698 E2.59656
;WIDTH:0.479375
G1 X102.18 Y101.931 E2.6114
;WIDTH:0.492347
G1 X101.823 Y102.311 E2.63923
G1 X101.346 Y102.541 E2.6675
;WIDTH:0.542175
G1 X101.065 Y102.648 E2.68542
;WIDTH:0.59198
G1 X100.783 Y102.756 E2.70529
G1 X99.277 Y102.756 E2.80439
G1 X98.908 Y102.635 E2.82994
;WIDTH:0.542179
G1 X98.654 Y102.541 E2.84608
;WIDTH:0.493591
G1 X98.178 Y102.311 E2.87438
G1 X97.819 Y101.931 E2.90237
;WIDTH:0.478569
G1 X97.655 Y101.702 E2.91692
;WIDTH:0.507446
G1 X97.491 Y101.473 E2.93249
;WIDTH:0.524428
G1 X97.382 Y101.245 E2.94699
;WIDTH:0.550184
G1 X97.328 Y100.951 E2.9651
;WIDTH:0.575941
G1 X97.204 Y100.35 E3.00425
G1 E1.00425 F2400
G92 E0
G1 X102.83 Y98.752 F7800
G1 E2 F2400
;TYPE:Bridge infill
;WIDTH:0.406945
;HEIGHT:0.4
M106 S255
G1 F3600
G1 X102.189 Y99.709 E2.06229
G1 X102.188 Y99.028 E2.09912
G1 X102.172 Y98.913 E2.1054
G1 X102.464 Y98.477 E2.13378
G1 X102.165 Y98.102 E2.15971
G1 X101.973 Y98.389 E2.17838
G1 X101.908 Y98.29 E2.18478
G1 X101.65 Y98.051 E2.2038
G1 X101.867 Y97.728 E2.22484
G1 X101.453 Y97.523 E2.24982
G1 X101.216 Y97.878 E2.2729
G1 X100.919 Y97.81 E2.28938
G1 X100.711 Y97.81 E2.30063
G1 X101.038 Y97.323 E2.33235
G1 X100.792 Y97.205 E2.3471
G1 X100.567 Y97.205 E2.35927
G1 X100.161 Y97.81 E2.39867
G1 X99.611 Y97.81 E2.42841
G1 X99.802 Y97.525 E2.44696
G1 X99.578 Y97.205 E2.46808
G1 X99.467 Y97.205 E2.47408
G1 X98.893 Y98.061 E2.52981
M106 S244.8
G1 X98.013 Y99.375 F7800
M106 S255
G1 F3600
G1 X97.67 Y99.886 E2.56309
G1 X97.489 Y99.812 E2.57366
G1 X97.273 Y99.658 E2.588
G1 X99 Y97.08 E2.75579
M106 S244.8
M106 S239.7
;LAYER_CHANGE
;Z:1.85
;HEIGHT:0.3
G1 E.75579 F2400
G92 E0
G1 Z1.85 F7800
G1 X98.688 Y101.311
G1 E2 F2400
;TYPE:Perimeter
;WIDTH:0.45
G1 F900
G1 X98.614 Y101.233 E2.00517
G1 X98.428 Y100.847 E2.02578
G1 X98.404 Y99.368 E2.09692
G1 X98.44 Y99.107 E2.10959
G1 X98.614 Y98.767 E2.12796
G1 X98.95 Y98.499 E2.14863
G1 X99.453 Y98.404 E2.17325
G1 X100.632 Y98.404 E2.22996
G1 X101.05 Y98.499 E2.25058
G1 X101.386 Y98.767 E2.27125
G1 X101.56 Y99.107 E2.28962
G1 X101.596 Y99.368 E2.30229
G1 X101.596 Y100.632 E2.36308
G1 X101.56 Y100.893 E2.37575
G1 X101.386 Y101.233 E2.39412
G1 X101.187 Y101.421 E2.40729
G1 X100.894 Y101.56 E2.42289
G1 X100.547 Y101.596 E2.43967
G1 X99.368 Y101.596 E2.49638
G1 X98.95 Y101.501 E2.517
G1 X98.729 Y101.354 E2.52977
G1 X98.968 Y101.035 F7800
G1 F900
G1 X98.916 Y100.993 E2.53298
G1 X98.804 Y100.761 E2.54537
G1 X98.789 Y99.368 E2.61237
G1 X98.86 Y99.091 E2.62612
G1 X99.035 Y98.895 E2.63876
G1 X99.368 Y98.789 E2.65557
G1 X100.632 Y98.789 E2.71636
G1 X100.965 Y98.895 E2.73317
G1 X101.14 Y99.091 E2.74581
G1 X101.211 Y99.368 E2.75956
G1 X101.211 Y100.632 E2.82035
G1 X101.189 Y100.789 E2.82797
G1 X101.015 Y101.066 E2.8437
G1 X100.749 Y101.211 E2.85827
G1 X99.453 Y101.211 E2.9206
G1 X99.117 Y101.153 E2.937
G1 X99.015 Y101.072 E2.94326
G1 X99.242 Y100.764 F7800
;TYPE:External perimeter
G1 F900
G1 X99.217 Y100.752 E2.94459
G1 X99.175 Y100.632 E2.9507
G1 X99.175 Y99.368 E3.01149
G1 X99.217 Y99.248 E3.0176
G1 X99.368 Y99.175 E3.02567
G1 X100.632 Y99.175 E3.08646
G1 X100.783 Y99.248 E3.09453
G1 X100.825 Y99.368 E3.10064
G1 X100.825 Y100.632 E3.16143
G1 X100.76 Y100.777 E3.16907
G1 X100.632 Y100.825 E3.17564
G1 X99.368 Y100.825 E3.23643
G1 X99.296 Y100.79 E3.24028
G1 X99.181 Y100.407 F7800
G1 E1.24028 F2400
G92 E0
G1 X97.956 Y102.563 F7800
G1 E2 F2400
;TYPE:Perimeter
G1 F900
G1 X97.046 Y101.422 E2.07019
G1 X96.722 Y100 E2.14034
G1 X97.046 Y98.578 E2.21049
G1 X97.956 Y97.437 E2.28068
G1 X99.271 Y96.804 E2.35087
G1 X100.729 Y96.804 E2.42099
G1 X102.044 Y97.437 E2.49118
G1 X102.954 Y98.578 E2.56137
G1 X103.278 Y100 E2.63152
G1 X102.954 Y101.422 E2.70167
G1 X102.044 Y102.563 E2.77186
G1 X100.729 Y103.196 E2.84205
G1 X99.271 Y103.196 E2.91217
G1 X98.01 Y102.589 E2.97948
G1 X97.709 Y102.872 F7800
G1 F900
G1 X96.69 Y101.594 E3.05809
G1 X96.326 Y100 E3.13673
G1 X96.69 Y98.406 E3.21537
G1 X97.709 Y97.128 E3.29398
G1 X99.183 Y96.418 E3.37267
G1 X100.817 Y96.418 E3.45126
G1 X102.291 Y97.128 E3.52995
G1 X103.31 Y98.406 E3.60856
G1 X103.674 Y100 E3.6872
G1 X103.31 Y101.594 E3.76584
G1 X102.291 Y102.872 E3.84445
G1 X100.817 Y103.582 E3.92314
G1 X99.183 Y103.582 E4.00173
G1 X97.764 Y102.898 E4.07749
G1 X97.463 Y103.181 F7800
;TYPE:External perimeter
G1 F900
G1 X96.334 Y101.766 E4.16455
G1 X95.931 Y100 E4.25167
G1 X96.334 Y98.234 E4.33879
G1 X97.463 Y96.819 E4.42585
G1 X99.095 Y96.033 E4.51297
G1 X100.905 Y96.033 E4.60002
G1 X102.537 Y96.819 E4.68714
G1 X103.666 Y98.234 E4.7742
G1 X104.069 Y100 E4.86132
G1 X103.666 Y101.766 E4.94844
G1 X102.537 Y103.181 E5.0355
G1 X100.905 Y103.967 E5.12262
G1 X99.095 Y103.967 E5.20967
G1 X97.517 Y103.207 E5.29391
G1 X97.25 Y102.91 F7800
G1 E3.29391 F2400
G92 E0
G1 X99.337 Y97.093 F7800
G1 E2 F2400
;TYPE:Solid infill
G1 F1200
G1 X100.663 Y97.093 E2.06378
G1 X101.859 Y97.669 E2.12763
G1 X102.686 Y98.706 E2.19142
G1 X102.981 Y100 E2.25525
G1 X102.709 Y101.193 E2.3141
G1 X102.622 Y101.374 E2.32376
G1 X101.859 Y102.331 E2.38263
G1 X100.663 Y102.907 E2.44648
G1 X99.337 Y102.907 E2.51026
G1 X98.141 Y102.331 E2.57411
G1 X97.314 Y101.294 E2.6379
G1 X97.019 Y100 E2.70173
G1 X97.314 Y98.706 E2.76556
G1 X98.141 Y97.669 E2.82935
G1 X99.163 Y97.177 E2.8839
G1 X100.354 Y98.115 F7800
G1 F1200
G1 X99.379 Y98.115 E2.93079
G1 X98.818 Y98.242 E2.95845
G1 X98.417 Y98.559 E2.98304
G1 X98.176 Y98.993 E3.00692
G1 X98.116 Y99.317 E3.02277
G1 X98.115 Y100.627 E3.08578
G1 X98.16 Y100.946 E3.10127
G1 X98.393 Y101.418 E3.12659
G1 X98.79 Y101.739 E3.15115
G1 X99.009 Y101.832 E3.16259
G1 X99.374 Y101.885 E3.18033
G1 X100.547 Y101.885 E3.23675
G1 X100.949 Y101.843 E3.25619
G1 X101.383 Y101.619 E3.27968
G1 X101.597 Y101.43 E3.29341
G1 X101.824 Y101.004 E3.31663
G1 X101.885 Y100.625 E3.33509
G1 X101.884 Y99.317 E3.398
G1 X101.838 Y99.028 E3.41207
G1 X101.583 Y98.559 E3.43775
G1 X101.136 Y98.227 E3.46453
G1 X100.547 Y98.115 E3.49337
G1 X98.767 Y97.826 F7800
;WIDTH:0.533987
G1 F1200
G1 X98.415 Y98.012 E3.51669
G1 X98.217 Y98.228 E3.53385
;WIDTH:0.495032
G1 X98.02 Y98.444 E3.54955
;WIDTH:0.496707
G1 X97.923 Y98.598 E3.55936
;WIDTH:0.537337
G1 X97.826 Y98.752 E3.5701
;WIDTH:0.577967
G1 X97.729 Y98.906 E3.58176
;WIDTH:0.601803
G1 X97.662 Y99.316 E3.60961
;WIDTH:0.586364
G1 X97.684 Y99.487 E3.62083
;WIDTH:0.543019
G1 X97.705 Y99.658 E3.63112
;WIDTH:0.499675
G1 X97.727 Y99.829 E3.64048
;WIDTH:0.45633
G1 X97.748 Y100 E3.6489
;WIDTH:0.454351
G1 X97.727 Y100.125 E3.65507
;WIDTH:0.495716
G1 X97.707 Y100.251 E3.66193
;WIDTH:0.537081
G1 X97.686 Y100.376 E3.6694
;WIDTH:0.578446
G1 X97.665 Y100.501 E3.67753
;WIDTH:0.619811
G1 X97.644 Y100.626 E3.68631
G1 X97.596 Y100.509 E3.69507
;WIDTH:0.578446
G1 X97.548 Y100.391 E3.70324
;WIDTH:0.537081
G1 X97.5 Y100.274 E3.7107
;WIDTH:0.495716
G1 X97.452 Y100.156 E3.71755
;WIDTH:0.454351
G1 X97.404 Y100.039 E3.7237
;WIDTH:0.412986
G1 X97.404 Y99.961 E3.72709
;WIDTH:0.458456
G1 X97.466 Y99.806 E3.7353
;WIDTH:0.503927
G1 X97.528 Y99.651 E3.74445
;WIDTH:0.549398
G1 X97.591 Y99.495 E3.75463
G1 X97.644 Y100.626 F7800
;WIDTH:0.619811
G1 F1200
G1 X97.731 Y101.092 E3.78747
;WIDTH:0.582781
G1 X97.827 Y101.245 E3.79915
;WIDTH:0.541646
G1 X97.923 Y101.398 E3.8099
;WIDTH:0.500511
G1 X98.018 Y101.551 E3.8197
;WIDTH:0.497062
G1 X98.217 Y101.769 E3.83563
;WIDTH:0.534747
G1 X98.415 Y101.988 E3.85295
G1 X98.912 Y102.239 E3.88561
G1 X100.354 Y102.237 F7800
;WIDTH:0.382215
G1 F1200
G1 X99.374 Y102.237 E3.92446
;WIDTH:0.426018
G1 X99.22 Y102.238 E3.93141
;WIDTH:0.469821
G1 X99.066 Y102.238 E3.9392
;WIDTH:0.513625
G1 X98.912 Y102.239 E3.94783
G1 X99.077 Y102.344 E3.95879
;WIDTH:0.469821
G1 X99.243 Y102.45 E3.96875
;WIDTH:0.426018
G1 X99.409 Y102.555 E3.97761
;WIDTH:0.382215
G1 X100.547 Y102.555 E4.02272
;WIDTH:0.385926
G1 X100.77 Y102.463 E4.03239
;WIDTH:0.428491
G1 X100.876 Y102.388 E4.03829
;WIDTH:0.471056
G1 X100.982 Y102.314 E4.04485
;WIDTH:0.513621
G1 X101.088 Y102.239 E4.05213
G1 X100.908 Y102.238 E4.06222
;WIDTH:0.469818
G1 X100.727 Y102.238 E4.07137
;WIDTH:0.426015
G1 X100.547 Y102.237 E4.07949
G1 E2.07949 F2400
G92 E0
G1 X102.32 Y99.475 F7800
G1 E2 F2400
;WIDTH:0.551395
G1 F1200
G1 X102.297 Y99.65 E2.01072
;WIDTH:0.505258
G1 X102.275 Y99.825 E2.02042
;WIDTH:0.45912
G1 X102.252 Y100 E2.02911
;WIDTH:0.454403
G1 X102.273 Y100.125 E2.03528
;WIDTH:0.495823
G1 X102.294 Y100.25 E2.0421
;WIDTH:0.537243
G1 X102.314 Y100.375 E2.04957
;WIDTH:0.578663
G1 X102.335 Y100.5 E2.0577
;WIDTH:0.620082
G1 X102.356 Y100.625 E2.06649
G1 X102.404 Y100.508 E2.07526
;WIDTH:0.578663
G1 X102.452 Y100.39 E2.08343
;WIDTH:0.537243
G1 X102.5 Y100.273 E2.09089
;WIDTH:0.495823
G1 X102.548 Y100.156 E2.0977
;WIDTH:0.454403
G1 X102.596 Y100.039 E2.10385
;WIDTH:0.456326
G1 X102.537 Y99.858 E2.11316
;WIDTH:0.49967
G1 X102.478 Y99.676 E2.12355
;WIDTH:0.543013
G1 X102.419 Y99.495 E2.13491
;WIDTH:0.586357
G1 X102.359 Y99.314 E2.14732
;WIDTH:0.601795
G1 X102.271 Y98.906 E2.1753
;WIDTH:0.577965
G1 X102.174 Y98.752 E2.18696
;WIDTH:0.537334
G1 X102.077 Y98.598 E2.1977
;WIDTH:0.496703
G1 X101.98 Y98.444 E2.20751
;WIDTH:0.495027
G1 X101.783 Y98.228 E2.22321
;WIDTH:0.533981
G1 X101.585 Y98.012 E2.24037
G1 X101.262 Y97.836 E2.26191
;WIDTH:0.498311
G1 X101.214 Y97.832 E2.26452
;WIDTH:0.484141
G1 X100.991 Y97.809 E2.27626
;WIDTH:0.450165
G1 X100.769 Y97.786 E2.287
;WIDTH:0.41619
G1 X100.547 Y97.763 E2.29679
;WIDTH:0.382216
G1 X99.379 Y97.763 E2.34309
;WIDTH:0.422957
G1 X99.175 Y97.784 E2.35226
;WIDTH:0.463698
G1 X98.971 Y97.805 E2.36247
;WIDTH:0.504439
G1 X98.767 Y97.826 E2.37373
G1 X98.984 Y97.699 E2.38753
;WIDTH:0.463698
G1 X99.2 Y97.572 E2.40001
;WIDTH:0.422957
G1 X99.417 Y97.445 E2.41125
;WIDTH:0.382216
G1 X100.547 Y97.445 E2.45605
G1 X100.737 Y97.519 E2.46413
;WIDTH:0.420626
G1 X100.895 Y97.623 E2.47253
;WIDTH:0.459038
G1 X101.052 Y97.726 E2.48177
G1 E.48177 F2400
G92 E0
G1 X102.356 Y100.625 F7800
G1 E2 F2400
;WIDTH:0.620082
G1 F1200
G1 X102.27 Y101.093 E2.03298
;WIDTH:0.578692
G1 X102.172 Y101.25 E2.04485
;WIDTH:0.53785
G1 X102.073 Y101.406 E2.05576
;WIDTH:0.497007
G1 X101.975 Y101.562 E2.0657
;WIDTH:0.481481
G1 X101.801 Y101.76 E2.07941
;WIDTH:0.506797
G1 X101.628 Y101.957 E2.09388
G1 X101.185 Y102.197 E2.12168
;WIDTH:0.513621
G1 X101.088 Y102.239 E2.1276
;LAYER_CHANGE
;Z:2.15
;HEIGHT:0.3
G1 E.1276 F2400
G92 E0
G1 Z2.15 F7800
G1 X98.688 Y101.311
G1 E2 F2400
;TYPE:Perimeter
;WIDTH:0.45
G1 F900
G1 X98.614 Y101.233 E2.00517
G1 X98.428 Y100.847 E2.02578
G1 X98.404 Y99.368 E2.09692
G1 X98.44 Y99.107 E2.10959
G1 X98.614 Y98.767 E2.12796
G1 X98.95 Y98.499 E2.14863
G1 X99.453 Y98.404 E2.17325
G1 X100.632 Y98.404 E2.22996
G1 X101.05 Y98.499 E2.25058
G1 X101.386 Y98.767 E2.27125
G1 X101.56 Y99.107 E2.28962
G1 X101.596 Y99.368 E2.30229
G1 X101.596 Y100.632 E2.36308
G1 X101.56 Y100.893 E2.37575
G1 X101.386 Y101.233 E2.39412
G1 X101.187 Y101.421 E2.40729
G1 X100.894 Y101.56 E2.42289
G1 X100.547 Y101.596 E2.43967
G1 X99.368 Y101.596 E2.49638
G1 X98.95 Y101.501 E2.517
G1 X98.729 Y101.354 E2.52977
G1 X98.968 Y101.035 F7800
G1 F900
G1 X98.916 Y100.993 E2.53298
G1 X98.804 Y100.761 E2.54537
G1 X98.789 Y99.368 E2.61237
G1 X98.86 Y99.091 E2.62612
G1 X99.035 Y98.895 E2.63876
G1 X99.368 Y98.789 E2.65557
G1 X100.632 Y98.789 E2.71636
G1 X100.965 Y98.895 E2.73317
G1 X101.14 Y99.091 E2.74581
G1 X101.211 Y99.368 E2.75956
G1 X101.211 Y100.632 E2.82035
G1 X101.189 Y100.789 E2.82797
G1 X101.015 Y101.066 E2.8437
G1 X100.749 Y101.211 E2.85827
G1 X99.453 Y101.211 E2.9206
G1 X99.117 Y101.153 E2.937
G1 X99.015 Y101.072 E2.94326
G1 X99.242 Y100.764 F7800
;TYPE:External perimeter
G1 F900
G1 X99.217 Y100.752 E2.94459
G1 X99.175 Y100.632 E2.9507
G1 X99.175 Y99.368 E3.01149
G1 X99.217 Y99.248 E3.0176
G1 X99.368 Y99.175 E3.02567
G1 X100.632 Y99.175 E3.08646
G1 X100.783 Y99.248 E3.09453
G1 X100.825 Y99.368 E3.10064
G1 X100.825 Y100.632 E3.16143
G1 X100.76 Y100.777 E3.16907
G1 X100.632 Y100.825 E3.17564
G1 X99.368 Y100.825 E3.23643
G1 X99.296 Y100.79 E3.24028
G1 X99.181 Y100.407 F7800
G1 E1.24028 F2400
G92 E0
G1 X97.956 Y102.563 F7800
G1 E2 F2400
;TYPE:Perimeter
G1 F900
G1 X97.046 Y101.422 E2.07019
G1 X96.722 Y100 E2.14034
G1 X97.046 Y98.578 E2.21049
G1 X97.956 Y97.437 E2.28068
G1 X99.271 Y96.804 E2.35087
G1 X100.729 Y96.804 E2.42099
G1 X102.044 Y97.437 E2.49118
G1 X102.954 Y98.578 E2.56137
G1 X103.278 Y100 E2.63152
G1 X102.954 Y101.422 E2.70167
G1 X102.044 Y102.563 E2.77186
G1 X100.729 Y103.196 E2.84205
G1 X99.271 Y103.196 E2.91217
G1 X98.01 Y102.589 E2.97948
G1 X97.709 Y102.872 F7800
G1 F900
G1 X96.69 Y101.594 E3.05809
G1 X96.326 Y100 E3.13673
G1 X96.69 Y98.406 E3.21537
G1 X97.709 Y97.128 E3.29398
G1 X99.183 Y96.418 E3.37267
G1 X100.817 Y96.418 E3.45126
G1 X102.291 Y97.128 E3.52995
G1 X103.31 Y98.406 E3.60856
G1 X103.674 Y100 E3.6872
G1 X103.31 Y101.594 E3.76584
G1 X102.291 Y102.872 E3.84445
G1 X100.817 Y103.582 E3.92314
G1 X99.183 Y103.582 E4.00173
G1 X97.764 Y102.898 E4.07749
G1 X97.463 Y103.181 F7800
;TYPE:External perimeter
G1 F900
G1 X96.334 Y101.766 E4.16455
G1 X95.931 Y100 E4.25167
G1 X96.334 Y98.234 E4.33879
G1 X97.463 Y96.819 E4.42585
G1 X99.095 Y96.033 E4.51297
G1 X100.905 Y96.033 E4.60002
G1 X102.537 Y96.819 E4.68714
G1 X103.666 Y98.234 E4.7742
G1 X104.069 Y100 E4.86132
G1 X103.666 Y101.766 E4.94844
G1 X102.537 Y103.181 E5.0355
G1 X100.905 Y103.967 E5.12262
G1 X99.095 Y103.967 E5.20967
G1 X97.517 Y103.207 E5.29391
G1 X97.25 Y102.91 F7800
G1 E3.29391 F2400
G92 E0
G1 X97.019 Y100 F7800
G1 E2 F2400
;TYPE:Solid infill
G1 F1200
G1 X97.314 Y98.706 E2.06383
G1 X98.141 Y97.669 E2.12762
G1 X99.337 Y97.093 E2.19147
G1 X100.663 Y97.093 E2.25525
G1 X101.771 Y97.627 E2.31441
G1 X101.92 Y97.745 E2.32355
G1 X102.686 Y98.706 E2.38266
G1 X102.981 Y100 E2.44649
G1 X102.686 Y101.294 E2.51032
G1 X101.859 Y102.331 E2.57411
G1 X100.663 Y102.907 E2.63796
G1 X99.337 Y102.907 E2.70174
G1 X98.141 Y102.331 E2.76559
G1 X97.314 Y101.294 E2.82938
G1 X97.061 Y100.188 E2.88395
G1 X97.644 Y100.625 E2.91899
;WIDTH:0.620085
G1 X97.73 Y101.093 E2.95197
;WIDTH:0.578692
G1 X97.828 Y101.25 E2.96384
;WIDTH:0.537851
G1 X97.927 Y101.406 E2.97475
;WIDTH:0.49701
G1 X98.025 Y101.562 E2.98469
;WIDTH:0.495485
G1 X98.22 Y101.775 E3.00022
;WIDTH:0.534801
G1 X98.415 Y101.988 E3.01716
G1 X98.912 Y102.239 E3.04983
;WIDTH:0.513625
G1 X99.066 Y102.238 E3.05846
;WIDTH:0.469822
G1 X99.22 Y102.238 E3.06625
;WIDTH:0.426019
G1 X99.374 Y102.237 E3.0732
;WIDTH:0.382216
G1 X100.547 Y102.237 E3.1197
;WIDTH:0.420225
G1 X100.662 Y102.244 E3.12481
;WIDTH:0.458236
G1 X100.777 Y102.252 E3.13047
;WIDTH:0.496246
G1 X100.892 Y102.259 E3.13668
;WIDTH:0.534257
G1 X101.008 Y102.266 E3.14349
G1 X100.926 Y102.327 E3.14948
;WIDTH:0.495806
G1 X100.844 Y102.388 E3.15498
;WIDTH:0.457355
G1 X100.763 Y102.448 E3.15992
;WIDTH:0.418905
G1 X100.547 Y102.555 E3.17058
;WIDTH:0.382216
G1 X99.409 Y102.555 E3.21569
;WIDTH:0.42642
G1 X99.242 Y102.449 E3.22462
;WIDTH:0.470625
G1 X99.074 Y102.342 E3.23471
G1 X98.141 Y100.816 F7800
;WIDTH:0.45
G1 F1200
G1 X98.162 Y100.969 E3.24214
G1 X98.392 Y101.417 E3.26636
G1 X98.79 Y101.739 E3.29098
G1 X99.009 Y101.832 E3.30242
G1 X99.453 Y101.885 E3.32393
G1 X100.547 Y101.885 E3.37655
G1 X100.949 Y101.843 E3.39599
G1 X101.383 Y101.619 E3.41948
G1 X101.607 Y101.418 E3.43396
G1 X101.84 Y100.946 E3.45928
G1 X101.885 Y100.627 E3.47477
G1 X101.884 Y99.317 E3.53778
G1 X101.838 Y99.028 E3.55185
G1 X101.583 Y98.559 E3.57753
G1 X101.141 Y98.228 E3.60409
G1 X100.547 Y98.115 E3.63317
G1 X99.356 Y98.115 E3.69045
G1 X98.818 Y98.242 E3.71704
G1 X98.417 Y98.559 E3.74163
G1 X98.176 Y98.993 E3.76551
G1 X98.116 Y99.317 E3.78136
G1 X98.115 Y100.625 E3.84427
G1 X97.591 Y99.495 F7800
;WIDTH:0.549398
G1 F1200
G1 X97.528 Y99.651 E3.85445
;WIDTH:0.503927
G1 X97.466 Y99.806 E3.8636
;WIDTH:0.458456
G1 X97.404 Y99.961 E3.87181
;WIDTH:0.412986
G1 X97.404 Y100.039 E3.8752
;WIDTH:0.454405
G1 X97.452 Y100.156 E3.88135
;WIDTH:0.495825
G1 X97.5 Y100.273 E3.88816
;WIDTH:0.537245
G1 X97.548 Y100.39 E3.89562
;WIDTH:0.578665
G1 X97.596 Y100.508 E3.90379
;WIDTH:0.620085
G1 X97.644 Y100.625 E3.91256
G1 X97.665 Y100.5 E3.92135
;WIDTH:0.578665
G1 X97.686 Y100.375 E3.92948
;WIDTH:0.537245
G1 X97.706 Y100.25 E3.93695
;WIDTH:0.495825
G1 X97.727 Y100.125 E3.94377
;WIDTH:0.454405
G1 X97.748 Y100 E3.94994
;WIDTH:0.45633
G1 X97.727 Y99.829 E3.95836
;WIDTH:0.499675
G1 X97.705 Y99.658 E3.96772
;WIDTH:0.543019
G1 X97.684 Y99.487 E3.97801
;WIDTH:0.586364
G1 X97.662 Y99.316 E3.98923
;WIDTH:0.601803
G1 X97.729 Y98.906 E4.01708
;WIDTH:0.577967
G1 X97.826 Y98.752 E4.02874
;WIDTH:0.537336
G1 X97.923 Y98.598 E4.03948
;WIDTH:0.496705
G1 X98.02 Y98.444 E4.04929
;WIDTH:0.495029
G1 X98.217 Y98.228 E4.06499
;WIDTH:0.533983
G1 X98.415 Y98.012 E4.08215
G1 X98.738 Y97.836 E4.10369
;WIDTH:0.498311
G1 X98.764 Y97.819 E4.10537
;WIDTH:0.489368
G1 X98.981 Y97.694 E4.11864
;WIDTH:0.45365
G1 X99.199 Y97.57 E4.13082
;WIDTH:0.417933
G1 X99.417 Y97.445 E4.1419
;WIDTH:0.382216
G1 X100.547 Y97.445 E4.1867
G1 X100.683 Y97.493 E4.19242
;WIDTH:0.422954
G1 X100.866 Y97.604 E4.20199
;WIDTH:0.463693
G1 X101.05 Y97.715 E4.21269
;WIDTH:0.504433
G1 X101.233 Y97.826 E4.22444
G1 X101.029 Y97.805 E4.2357
;WIDTH:0.463693
G1 X100.825 Y97.784 E4.24591
;WIDTH:0.422954
G1 X100.621 Y97.763 E4.25508
;WIDTH:0.382216
G1 X99.379 Y97.763 E4.30432
;WIDTH:0.422904
G1 X99.154 Y97.789 E4.31445
;WIDTH:0.463593
G1 X98.93 Y97.814 E4.32567
G1 E2.32567 F2400
G92 E0
G1 X102.356 Y100.626 F7800
G1 E2 F2400
;WIDTH:0.619807
G1 F1200
G1 X102.269 Y101.092 E2.03284
;WIDTH:0.582775
G1 X102.173 Y101.245 E2.04452
;WIDTH:0.541643
G1 X102.077 Y101.398 E2.05527
;WIDTH:0.500511
G1 X101.982 Y101.551 E2.06507
;WIDTH:0.506799
G1 X101.628 Y101.957 E2.09479
G1 X101.185 Y102.197 E2.12259
;WIDTH:0.534257
G1 X101.008 Y102.266 E2.13372
G1 E.13372 F2400
G92 E0
G1 X102.283 Y100.19 F7800
G1 E2 F2400
;WIDTH:0.523824
G1 F1200
G1 X102.308 Y100.336 E2.00849
;WIDTH:0.571815
G1 X102.332 Y100.481 E2.01779
;WIDTH:0.619807
G1 X102.356 Y100.626 E2.02797
G1 X102.404 Y100.509 E2.03673
;WIDTH:0.578442
G1 X102.452 Y100.391 E2.0449
;WIDTH:0.537077
G1 X102.5 Y100.274 E2.05236
;WIDTH:0.495712
G1 X102.548 Y100.156 E2.05921
;WIDTH:0.454347
G1 X102.596 Y100.039 E2.06536
;WIDTH:0.456326
G1 X102.537 Y99.858 E2.07467
;WIDTH:0.49967
G1 X102.478 Y99.676 E2.08506
;WIDTH:0.543013
G1 X102.419 Y99.495 E2.09642
;WIDTH:0.586357
G1 X102.359 Y99.314 E2.10883
;WIDTH:0.601795
G1 X102.345 Y99.284 E2.11105
G1 X102.321 Y99.463 E2.12316
;WIDTH:0.554592
G1 X102.298 Y99.642 E2.13419
;WIDTH:0.507389
G1 X102.275 Y99.821 E2.14416
;WIDTH:0.460186
G1 X102.252 Y100 E2.15307
;WIDTH:0.45
G1 X102.345 Y99.284 E2.1878
;WIDTH:0.601795
G1 X102.271 Y98.906 E2.21362
;WIDTH:0.577965
G1 X102.171 Y98.748 E2.2256
;WIDTH:0.53635
G1 X102.071 Y98.59 E2.23661
;WIDTH:0.494735
G1 X101.972 Y98.431 E2.24666
;WIDTH:0.493551
G1 X101.779 Y98.222 E2.26189
;WIDTH:0.533981
G1 X101.585 Y98.012 E2.27864
G1 X101.233 Y97.826 E2.30196
;LAYER_CHANGE
;Z:2.45
;HEIGHT:0.3
G1 E.30196 F2400
G92 E0
G1 Z2.45 F7800
G1 X98.688 Y101.311
G1 E2 F2400
;TYPE:Perimeter
;WIDTH:0.45
G1 F900
G1 X98.614 Y101.233 E2.00517
G1 X98.428 Y100.847 E2.02578
G1 X98.404 Y99.368 E2.09692
G1 X98.44 Y99.107 E2.10959
G1 X98.614 Y98.767 E2.12796
G1 X98.95 Y98.499 E2.14863
G1 X99.453 Y98.404 E2.17325
G1 X100.632 Y98.404 E2.22996
G1 X101.05 Y98.499 E2.25058
G1 X101.386 Y98.767 E2.27125
G1 X101.56 Y99.107 E2.28962
G1 X101.596 Y99.368 E2.30229
G1 X101.596 Y100.632 E2.36308
G1 X101.56 Y100.893 E2.37575
G1 X101.386 Y101.233 E2.39412
G1 X101.187 Y101.421 E2.40729
G1 X100.894 Y101.56 E2.42289
G1 X100.547 Y101.596 E2.43967
G1 X99.368 Y101.596 E2.49638
G1 X98.95 Y101.501 E2.517
G1 X98.729 Y101.354 E2.52977
G1 X98.968 Y101.035 F7800
G1 F900
G1 X98.916 Y100.993 E2.53298
G1 X98.804 Y100.761 E2.54537
G1 X98.789 Y99.368 E2.61237
G1 X98.86 Y99.091 E2.62612
G1 X99.035 Y98.895 E2.63876
G1 X99.368 Y98.789 E2.65557
G1 X100.632 Y98.789 E2.71636
G1 X100.965 Y98.895 E2.73317
G1 X101.14 Y99.091 E2.74581
G1 X101.211 Y99.368 E2.75956
G1 X101.211 Y100.632 E2.82035
G1 X101.189 Y100.789 E2.82797
G1 X101.015 Y101.066 E2.8437
G1 X100.749 Y101.211 E2.85827
G1 X99.453 Y101.211 E2.9206
G1 X99.117 Y101.153 E2.937
G1 X99.015 Y101.072 E2.94326
G1 X99.242 Y100.764 F7800
;TYPE:External perimeter
G1 F900
G1 X99.217 Y100.752 E2.94459
G1 X99.175 Y100.632 E2.9507
G1 X99.175 Y99.368 E3.01149
G1 X99.217 Y99.248 E3.0176
G1 X99.368 Y99.175 E3.02567
G1 X100.632 Y99.175 E3.08646
G1 X100.783 Y99.248 E3.09453
G1 X100.825 Y99.368 E3.10064
G1 X100.825 Y100.632 E3.16143
G1 X100.76 Y100.777 E3.16907
G1 X100.632 Y100.825 E3.17564
G1 X99.368 Y100.825 E3.23643
G1 X99.296 Y100.79 E3.24028
G1 X99.181 Y100.407 F7800
G1 E1.24028 F2400
G92 E0
G1 X97.956 Y102.563 F7800
G1 E2 F2400
;TYPE:Perimeter
G1 F900
G1 X97.046 Y101.422 E2.07019
G1 X96.722 Y100 E2.14034
G1 X97.046 Y98.578 E2.21049
G1 X97.956 Y97.437 E2.28068
G1 X99.271 Y96.804 E2.35087
G1 X100.729 Y96.804 E2.42099
G1 X102.044 Y97.437 E2.49118
G1 X102.954 Y98.578 E2.56137
G1 X103.278 Y100 E2.63152
G1 X102.954 Y101.422 E2.70167
G1 X102.044 Y102.563 E2.77186
G1 X100.729 Y103.196 E2.84205
G1 X99.271 Y103.196 E2.91217
G1 X98.01 Y102.589 E2.97948
G1 X97.709 Y102.872 F7800
G1 F900
G1 X96.69 Y101.594 E3.05809
G1 X96.326 Y100 E3.13673
G1 X96.69 Y98.406 E3.21537
G1 X97.709 Y97.128 E3.29398
G1 X99.183 Y96.418 E3.37267
G1 X100.817 Y96.418 E3.45126
G1 X102.291 Y97.128 E3.52995
G1 X103.31 Y98.406 E3.60856
G1 X103.674 Y100 E3.6872
G1 X103.31 Y101.594 E3.76584
G1 X102.291 Y102.872 E3.84445
G1 X100.817 Y103.582 E3.92314
G1 X99.183 Y103.582 E4.00173
G1 X97.764 Y102.898 E4.07749
G1 X97.463 Y103.181 F7800
;TYPE:External perimeter
G1 F900
G1 X96.334 Y101.766 E4.16455
G1 X95.931 Y100 E4.25167
G1 X96.334 Y98.234 E4.33879
G1 X97.463 Y96.819 E4.42585
G1 X99.095 Y96.033 E4.51297
G1 X100.905 Y96.033 E4.60002
G1 X102.537 Y96.819 E4.68714
G1 X103.666 Y98.234 E4.7742
G1 X104.069 Y100 E4.86132
G1 X103.666 Y101.766 E4.94844
G1 X102.537 Y103.181 E5.0355
G1 X100.905 Y103.967 E5.12262
G1 X99.095 Y103.967 E5.20967
G1 X97.517 Y103.207 E5.29391
G1 X97.25 Y102.91 F7800
G1 E3.29391 F2400
G92 E0
G1 X99.337 Y97.093 F7800
G1 E2 F2400
;TYPE:Solid infill
G1 F1200
G1 X100.663 Y97.093 E2.06378
G1 X101.859 Y97.669 E2.12763
G1 X102.686 Y98.706 E2.19142
G1 X102.981 Y100 E2.25525
G1 X102.709 Y101.193 E2.3141
G1 X102.622 Y101.374 E2.32376
G1 X101.859 Y102.331 E2.38263
G1 X100.663 Y102.907 E2.44648
G1 X99.337 Y102.907 E2.51026
G1 X98.141 Y102.331 E2.57411
G1 X97.314 Y101.294 E2.6379
G1 X97.019 Y100 E2.70173
G1 X97.314 Y98.706 E2.76556
G1 X98.141 Y97.669 E2.82935
G1 X99.163 Y97.177 E2.8839
G1 X100.354 Y97.445 F7800
;WIDTH:0.382217
G1 F1200
G1 X99.417 Y97.445 E2.92104
;WIDTH:0.422957
G1 X99.2 Y97.572 E2.93228
;WIDTH:0.463697
G1 X98.984 Y97.699 E2.94476
;WIDTH:0.504437
G1 X98.767 Y97.826 E2.95856
G1 X98.971 Y97.805 E2.96982
;WIDTH:0.463697
G1 X99.175 Y97.784 E2.98003
;WIDTH:0.422957
G1 X99.379 Y97.763 E2.9892
;WIDTH:0.382217
G1 X100.621 Y97.763 E3.03844
;WIDTH:0.420913
G1 X100.835 Y97.787 E3.04802
;WIDTH:0.459612
G1 X101.048 Y97.812 E3.05859
;WIDTH:0.498311
G1 X101.262 Y97.836 E3.07024
G1 X101.114 Y97.744 E3.07967
;WIDTH:0.459612
G1 X100.966 Y97.651 E3.08829
;WIDTH:0.420913
G1 X100.819 Y97.558 E3.09603
;WIDTH:0.382215
G1 X100.547 Y97.445 E3.10771
;WIDTH:0.45
G1 X100.547 Y98.115 E3.13993
G1 X101.141 Y98.228 E3.16901
G1 X101.583 Y98.559 E3.19557
G1 X101.838 Y99.028 E3.22125
G1 X101.884 Y99.317 E3.23532
G1 X101.885 Y100.627 E3.29833
G1 X101.84 Y100.946 E3.31382
G1 X101.607 Y101.418 E3.33914
G1 X101.383 Y101.619 E3.35362
G1 X100.949 Y101.843 E3.37711
G1 X100.547 Y101.885 E3.39655
G1 X99.374 Y101.885 E3.45297
G1 X99.009 Y101.832 E3.47071
G1 X98.79 Y101.739 E3.48215
G1 X98.392 Y101.417 E3.50677
G1 X98.162 Y100.969 E3.53099
G1 X98.115 Y100.625 E3.54769
G1 X98.116 Y99.317 E3.6106
G1 X98.157 Y99.049 E3.62364
G1 X98.387 Y98.589 E3.64838
G1 X98.781 Y98.266 E3.67288
G1 X99.354 Y98.115 E3.70138
G1 X100.354 Y98.115 E3.74948
G1 X101.262 Y97.836 F7800
;WIDTH:0.533983
G1 F1200
G1 X101.585 Y98.012 E3.77102
G1 X101.783 Y98.228 E3.78818
;WIDTH:0.495029
G1 X101.98 Y98.444 E3.80388
;WIDTH:0.496704
G1 X102.077 Y98.598 E3.81369
;WIDTH:0.537333
G1 X102.174 Y98.752 E3.82443
;WIDTH:0.577963
G1 X102.271 Y98.906 E3.83609
;WIDTH:0.601797
G1 X102.345 Y99.284 E3.86191
G1 X102.332 Y99.379 E3.86834
;WIDTH:0.576596
G1 X102.32 Y99.475 E3.87452
;WIDTH:0.551397
G1 X102.297 Y99.65 E3.88524
;WIDTH:0.505259
G1 X102.275 Y99.825 E3.89494
;WIDTH:0.459121
G1 X102.252 Y100 E3.90363
;WIDTH:0.454348
G1 X102.273 Y100.125 E3.9098
;WIDTH:0.495713
G1 X102.294 Y100.251 E3.91667
;WIDTH:0.537078
G1 X102.314 Y100.376 E3.92413
;WIDTH:0.578443
G1 X102.335 Y100.501 E3.93226
;WIDTH:0.619809
G1 X102.356 Y100.626 E3.94104
G1 X102.404 Y100.509 E3.9498
;WIDTH:0.578443
G1 X102.452 Y100.391 E3.95797
;WIDTH:0.537078
G1 X102.5 Y100.274 E3.96543
;WIDTH:0.495713
G1 X102.548 Y100.156 E3.97228
;WIDTH:0.454348
G1 X102.596 Y100.039 E3.97843
;WIDTH:0.456327
G1 X102.537 Y99.858 E3.98774
;WIDTH:0.499671
G1 X102.478 Y99.676 E3.99813
;WIDTH:0.543015
G1 X102.419 Y99.495 E4.00949
;WIDTH:0.586359
G1 X102.359 Y99.314 E4.0219
;WIDTH:0.601797
G1 X102.345 Y99.284 E4.02412
G1 E2.02412 F2400
G92 E0
G1 X98.767 Y97.826 F7800
G1 E2 F2400
;WIDTH:0.533985
G1 F1200
G1 X98.415 Y98.012 E2.02332
G1 X98.217 Y98.228 E2.04048
;WIDTH:0.495031
G1 X98.02 Y98.444 E2.05618
;WIDTH:0.496707
G1 X97.923 Y98.598 E2.06599
;WIDTH:0.537337
G1 X97.826 Y98.752 E2.07673
;WIDTH:0.577967
G1 X97.729 Y98.906 E2.08839
;WIDTH:0.601803
G1 X97.662 Y99.316 E2.11624
;WIDTH:0.586364
G1 X97.684 Y99.487 E2.12746
;WIDTH:0.543019
G1 X97.705 Y99.658 E2.13775
;WIDTH:0.499675
G1 X97.727 Y99.829 E2.14711
;WIDTH:0.45633
G1 X97.748 Y100 E2.15553
;WIDTH:0.454405
G1 X97.727 Y100.125 E2.1617
;WIDTH:0.495824
G1 X97.706 Y100.25 E2.16852
;WIDTH:0.537244
G1 X97.686 Y100.375 E2.17599
;WIDTH:0.578663
G1 X97.665 Y100.5 E2.18412
;WIDTH:0.620082
G1 X97.644 Y100.625 E2.19291
G1 X97.596 Y100.508 E2.20168
;WIDTH:0.578663
G1 X97.548 Y100.39 E2.20985
;WIDTH:0.537244
G1 X97.5 Y100.273 E2.21731
;WIDTH:0.495824
G1 X97.452 Y100.156 E2.22412
;WIDTH:0.454405
G1 X97.404 Y100.039 E2.23027
;WIDTH:0.412986
G1 X97.404 Y99.961 E2.23366
;WIDTH:0.458456
G1 X97.466 Y99.806 E2.24187
;WIDTH:0.503927
G1 X97.528 Y99.651 E2.25102
;WIDTH:0.549398
G1 X97.591 Y99.495 E2.2612
G1 X97.644 Y100.625 F7800
;WIDTH:0.620082
G1 F1200
G1 X97.73 Y101.093 E2.29418
;WIDTH:0.578695
G1 X97.828 Y101.25 E2.30605
;WIDTH:0.537853
G1 X97.927 Y101.406 E2.31696
;WIDTH:0.497011
G1 X98.025 Y101.562 E2.3269
;WIDTH:0.495483
G1 X98.22 Y101.775 E2.34243
;WIDTH:0.534797
G1 X98.415 Y101.988 E2.35937
G1 X98.912 Y102.239 E2.39204
G1 X100.354 Y102.237 F7800
;WIDTH:0.382215
G1 F1200
G1 X99.374 Y102.237 E2.43089
;WIDTH:0.426018
G1 X99.22 Y102.238 E2.43784
;WIDTH:0.469821
G1 X99.066 Y102.238 E2.44563
;WIDTH:0.513625
G1 X98.912 Y102.239 E2.45426
G1 X99.077 Y102.344 E2.46522
;WIDTH:0.469821
G1 X99.243 Y102.45 E2.47518
;WIDTH:0.426018
G1 X99.409 Y102.555 E2.48404
;WIDTH:0.382215
G1 X100.547 Y102.555 E2.52915
;WIDTH:0.385926
G1 X100.77 Y102.463 E2.53882
;WIDTH:0.428491
G1 X100.876 Y102.388 E2.54472
;WIDTH:0.471056
G1 X100.982 Y102.314 E2.55128
;WIDTH:0.513621
G1 X101.088 Y102.239 E2.55856
G1 X100.908 Y102.238 E2.56865
;WIDTH:0.469818
G1 X100.727 Y102.238 E2.5778
;WIDTH:0.426015
G1 X100.547 Y102.237 E2.58592
;WIDTH:0.45
G1 X101.088 Y102.239 E2.61194
;WIDTH:0.513621
G1 X101.185 Y102.197 E2.61786
;WIDTH:0.506799
G1 X101.628 Y101.957 E2.64566
G1 X101.982 Y101.551 E2.67538
;WIDTH:0.500508
G1 X102.077 Y101.398 E2.68518
;WIDTH:0.541641
G1 X102.173 Y101.245 E2.69593
;WIDTH:0.582775
G1 X102.269 Y101.092 E2.70761
;WIDTH:0.619809
G1 X102.356 Y100.626 E2.74045
;LAYER_CHANGE
;Z:2.75
;HEIGHT:0.3
G1 E.74045 F2400
G92 E0
G1 Z2.75 F7800
G1 X98.688 Y101.311
G1 E2 F2400
;TYPE:Perimeter
;WIDTH:0.45
G1 F900
G1 X98.614 Y101.233 E2.00517
G1 X98.428 Y100.847 E2.02578
G1 X98.404 Y99.368 E2.09692
G1 X98.44 Y99.107 E2.10959
G1 X98.614 Y98.767 E2.12796
G1 X98.95 Y98.499 E2.14863
G1 X99.453 Y98.404 E2.17325
G1 X100.632 Y98.404 E2.22996
G1 X101.05 Y98.499 E2.25058
G1 X101.386 Y98.767 E2.27125
G1 X101.56 Y99.107 E2.28962
G1 X101.596 Y99.368 E2.30229
G1 X101.596 Y100.632 E2.36308
G1 X101.56 Y100.893 E2.37575
G1 X101.386 Y101.233 E2.39412
G1 X101.187 Y101.421 E2.40729
G1 X100.894 Y101.56 E2.42289
G1 X100.547 Y101.596 E2.43967
G1 X99.368 Y101.596 E2.49638
G1 X98.95 Y101.501 E2.517
G1 X98.729 Y101.354 E2.52977
G1 X98.968 Y101.035 F7800
G1 F900
G1 X98.916 Y100.993 E2.53298
G1 X98.804 Y100.761 E2.54537
G1 X98.789 Y99.368 E2.61237
G1 X98.86 Y99.091 E2.62612
G1 X99.035 Y98.895 E2.63876
G1 X99.368 Y98.789 E2.65557
G1 X100.632 Y98.789 E2.71636
G1 X100.965 Y98.895 E2.73317
G1 X101.14 Y99.091 E2.74581
G1 X101.211 Y99.368 E2.75956
G1 X101.211 Y100.632 E2.82035
G1 X101.189 Y100.789 E2.82797
G1 X101.015 Y101.066 E2.8437
G1 X100.749 Y101.211 E2.85827
G1 X99.453 Y101.211 E2.9206
G1 X99.117 Y101.153 E2.937
G1 X99.015 Y101.072 E2.94326
G1 X99.242 Y100.764 F7800
;TYPE:External perimeter
G1 F900
G1 X99.217 Y100.752 E2.94459
G1 X99.175 Y100.632 E2.9507
G1 X99.175 Y99.368 E3.01149
G1 X99.217 Y99.248 E3.0176
G1 X99.368 Y99.175 E3.02567
G1 X100.632 Y99.175 E3.08646
G1 X100.783 Y99.248 E3.09453
G1 X100.825 Y99.368 E3.10064
G1 X100.825 Y100.632 E3.16143
G1 X100.76 Y100.777 E3.16907
G1 X100.632 Y100.825 E3.17564
G1 X99.368 Y100.825 E3.23643
G1 X99.296 Y100.79 E3.24028
G1 X99.181 Y100.407 F7800
G1 E1.24028 F2400
G92 E0
G1 X97.956 Y102.563 F7800
G1 E2 F2400
;TYPE:Perimeter
G1 F900
G1 X97.046 Y101.422 E2.07019
G1 X96.722 Y100 E2.14034
G1 X97.046 Y98.578 E2.21049
G1 X97.956 Y97.437 E2.28068
G1 X99.271 Y96.804 E2.35087
G1 X100.729 Y96.804 E2.42099
G1 X102.044 Y97.437 E2.49118
G1 X102.954 Y98.578 E2.56137
G1 X103.278 Y100 E2.63152
G1 X102.954 Y101.422 E2.70167
G1 X102.044 Y102.563 E2.77186
G1 X100.729 Y103.196 E2.84205
G1 X99.271 Y103.196 E2.91217
G1 X98.01 Y102.589 E2.97948
G1 X97.709 Y102.872 F7800
G1 F900
G1 X96.69 Y101.594 E3.05809
G1 X96.326 Y100 E3.13673
G1 X96.69 Y98.406 E3.21537
G1 X97.709 Y97.128 E3.29398
G1 X99.183 Y96.418 E3.37267
G1 X100.817 Y96.418 E3.45126
G1 X102.291 Y97.128 E3.52995
G1 X103.31 Y98.406 E3.60856
G1 X103.674 Y100 E3.6872
G1 X103.31 Y101.594 E3.76584
G1 X102.291 Y102.872 E3.84445
G1 X100.817 Y103.582 E3.92314
G1 X99.183 Y103.582 E4.00173
G1 X97.764 Y102.898 E4.07749
G1 X97.463 Y103.181 F7800
;TYPE:External perimeter
G1 F900
G1 X96.334 Y101.766 E4.16455
G1 X95.931 Y100 E4.25167
G1 X96.334 Y98.234 E4.33879
G1 X97.463 Y96.819 E4.42585
G1 X99.095 Y96.033 E4.51297
G1 X100.905 Y96.033 E4.60002
G1 X102.537 Y96.819 E4.68714
G1 X103.666 Y98.234 E4.7742
G1 X104.069 Y100 E4.86132
G1 X103.666 Y101.766 E4.94844
G1 X102.537 Y103.181 E5.0355
G1 X100.905 Y103.967 E5.12262
G1 X99.095 Y103.967 E5.20967
G1 X97.517 Y103.207 E5.29391
G1 X97.25 Y102.91 F7800
G1 E3.29391 F2400
G92 E0
G1 X97.019 Y100 F7800
G1 E2 F2400
;TYPE:Solid infill
G1 F1200
G1 X97.314 Y98.706 E2.06383
G1 X98.141 Y97.669 E2.12762
G1 X99.337 Y97.093 E2.19147
G1 X100.663 Y97.093 E2.25525
G1 X101.771 Y97.627 E2.31441
G1 X101.92 Y97.745 E2.32355
G1 X102.686 Y98.706 E2.38266
G1 X102.981 Y100 E2.44649
G1 X102.686 Y101.294 E2.51032
G1 X101.859 Y102.331 E2.57411
G1 X100.663 Y102.907 E2.63796
G1 X99.337 Y102.907 E2.70174
G1 X98.141 Y102.331 E2.76559
G1 X97.314 Y101.294 E2.82938
G1 X97.061 Y100.188 E2.88395
G1 X97.644 Y100.625 E2.91899
;WIDTH:0.620085
G1 X97.73 Y101.093 E2.95197
;WIDTH:0.578692
G1 X97.828 Y101.25 E2.96384
;WIDTH:0.537851
G1 X97.927 Y101.406 E2.97475
;WIDTH:0.49701
G1 X98.025 Y101.562 E2.98469
;WIDTH:0.495485
G1 X98.22 Y101.775 E3.00022
;WIDTH:0.534801
G1 X98.415 Y101.988 E3.01716
G1 X98.912 Y102.239 E3.04983
;WIDTH:0.513625
G1 X99.066 Y102.238 E3.05846
;WIDTH:0.469822
G1 X99.22 Y102.238 E3.06625
;WIDTH:0.426019
G1 X99.374 Y102.237 E3.0732
;WIDTH:0.382216
G1 X100.547 Y102.237 E3.1197
;WIDTH:0.420226
G1 X100.662 Y102.244 E3.12481
;WIDTH:0.458237
G1 X100.777 Y102.252 E3.13047
;WIDTH:0.496248
G1 X100.892 Y102.259 E3.13668
;WIDTH:0.534259
G1 X101.008 Y102.266 E3.14349
G1 X100.926 Y102.327 E3.14948
;WIDTH:0.495807
G1 X100.844 Y102.388 E3.15498
;WIDTH:0.457356
G1 X100.763 Y102.448 E3.15992
;WIDTH:0.418905
G1 X100.547 Y102.555 E3.17058
;WIDTH:0.382216
G1 X99.409 Y102.555 E3.21569
;WIDTH:0.42642
G1 X99.242 Y102.449 E3.22462
;WIDTH:0.470625
G1 X99.074 Y102.342 E3.23471
G1 X98.141 Y100.816 F7800
;WIDTH:0.45
G1 F1200
G1 X98.162 Y100.969 E3.24214
G1 X98.392 Y101.417 E3.26636
G1 X98.79 Y101.739 E3.29098
G1 X99.009 Y101.832 E3.30242
G1 X99.453 Y101.885 E3.32393
G1 X100.547 Y101.885 E3.37655
G1 X100.949 Y101.843 E3.39599
G1 X101.383 Y101.619 E3.41948
G1 X101.607 Y101.418 E3.43396
G1 X101.84 Y100.946 E3.45928
G1 X101.885 Y100.627 E3.47477
G1 X101.884 Y99.317 E3.53778
G1 X101.838 Y99.028 E3.55185
G1 X101.583 Y98.559 E3.57753
G1 X101.141 Y98.228 E3.60409
G1 X100.547 Y98.115 E3.63317
G1 X99.356 Y98.115 E3.69045
G1 X98.818 Y98.242 E3.71704
G1 X98.417 Y98.559 E3.74163
G1 X98.176 Y98.993 E3.76551
G1 X98.116 Y99.317 E3.78136
G1 X98.115 Y100.625 E3.84427
G1 X97.591 Y99.495 F7800
;WIDTH:0.549398
G1 F1200
G1 X97.528 Y99.651 E3.85445
;WIDTH:0.503927
G1 X97.466 Y99.806 E3.8636
;WIDTH:0.458456
G1 X97.404 Y99.961 E3.87181
;WIDTH:0.412986
G1 X97.404 Y100.039 E3.8752
;WIDTH:0.454405
G1 X97.452 Y100.156 E3.88135
;WIDTH:0.495825
G1 X97.5 Y100.273 E3.88816
;WIDTH:0.537245
G1 X97.548 Y100.39 E3.89562
;WIDTH:0.578665
G1 X97.596 Y100.508 E3.90379
;WIDTH:0.620085
G1 X97.644 Y100.625 E3.91256
G1 X97.665 Y100.5 E3.92135
;WIDTH:0.578665
G1 X97.686 Y100.375 E3.92948
;WIDTH:0.537245
G1 X97.706 Y100.25 E3.93695
;WIDTH:0.495825
G1 X97.727 Y100.125 E3.94377
;WIDTH:0.454405
G1 X97.748 Y100 E3.94994
;WIDTH:0.45633
G1 X97.727 Y99.829 E3.95836
;WIDTH:0.499675
G1 X97.705 Y99.658 E3.96772
;WIDTH:0.543019
G1 X97.684 Y99.487 E3.97801
;WIDTH:0.586364
G1 X97.662 Y99.316 E3.98923
;WIDTH:0.601803
G1 X97.729 Y98.906 E4.01708
;WIDTH:0.577967
G1 X97.826 Y98.752 E4.02874
;WIDTH:0.537336
G1 X97.923 Y98.598 E4.03948
;WIDTH:0.496705
G1 X98.02 Y98.444 E4.04929
;WIDTH:0.495029
G1 X98.217 Y98.228 E4.06499
;WIDTH:0.533983
G1 X98.415 Y98.012 E4.08215
G1 X98.738 Y97.836 E4.10369
;WIDTH:0.498311
G1 X98.764 Y97.819 E4.10537
;WIDTH:0.489368
G1 X98.981 Y97.694 E4.11864
;WIDTH:0.45365
G1 X99.199 Y97.57 E4.13082
;WIDTH:0.417933
G1 X99.417 Y97.445 E4.1419
;WIDTH:0.382216
G1 X100.547 Y97.445 E4.1867
G1 X100.683 Y97.493 E4.19242
;WIDTH:0.422954
G1 X100.866 Y97.604 E4.20199
;WIDTH:0.463693
G1 X101.05 Y97.715 E4.21269
;WIDTH:0.504433
G1 X101.233 Y97.826 E4.22444
G1 X101.029 Y97.805 E4.2357
;WIDTH:0.463693
G1 X100.825 Y97.784 E4.24591
;WIDTH:0.422954
G1 X100.621 Y97.763 E4.25508
;WIDTH:0.382216
G1 X99.379 Y97.763 E4.30432
;WIDTH:0.422904
G1 X99.154 Y97.789 E4.31445
;WIDTH:0.463593
G1 X98.93 Y97.814 E4.32567
G1 E2.32567 F2400
G92 E0
G1 X102.356 Y100.626 F7800
G1 E2 F2400
;WIDTH:0.619809
G1 F1200
G1 X102.269 Y101.092 E2.03284
;WIDTH:0.582773
G1 X102.173 Y101.245 E2.04452
;WIDTH:0.541641
G1 X102.077 Y101.398 E2.05527
;WIDTH:0.50051
G1 X101.982 Y101.551 E2.06507
;WIDTH:0.506797
G1 X101.628 Y101.957 E2.09479
G1 X101.185 Y102.197 E2.12259
;WIDTH:0.534259
G1 X101.008 Y102.266 E2.13372
G1 E.13372 F2400
G92 E0
G1 X102.283 Y100.19 F7800
G1 E2 F2400
;WIDTH:0.523825
G1 F1200
G1 X102.308 Y100.336 E2.00849
;WIDTH:0.571817
G1 X102.332 Y100.481 E2.01779
;WIDTH:0.619809
G1 X102.356 Y100.626 E2.02797
G1 X102.404 Y100.509 E2.03673
;WIDTH:0.578443
G1 X102.452 Y100.391 E2.0449
;WIDTH:0.537078
G1 X102.5 Y100.274 E2.05236
;WIDTH:0.495713
G1 X102.548 Y100.156 E2.05921
;WIDTH:0.454348
G1 X102.596 Y100.039 E2.06536
;WIDTH:0.456327
G1 X102.537 Y99.858 E2.07467
;WIDTH:0.499671
G1 X102.478 Y99.676 E2.08506
;WIDTH:0.543015
G1 X102.419 Y99.495 E2.09642
;WIDTH:0.586359
G1 X102.359 Y99.314 E2.10883
;WIDTH:0.601797
G1 X102.345 Y99.284 E2.11105
G1 X102.321 Y99.463 E2.12316
;WIDTH:0.554593
G1 X102.298 Y99.642 E2.13419
;WIDTH:0.50739
G1 X102.275 Y99.821 E2.14416
;WIDTH:0.460186
G1 X102.252 Y100 E2.15307
;WIDTH:0.45
G1 X102.345 Y99.284 E2.1878
;WIDTH:0.601797
G1 X102.271 Y98.906 E2.21362
;WIDTH:0.577965
G1 X102.171 Y98.748 E2.2256
;WIDTH:0.536351
G1 X102.071 Y98.59 E2.23661
;WIDTH:0.494738
G1 X101.972 Y98.431 E2.24666
;WIDTH:0.493553
G1 X101.779 Y98.222 E2.26189
;WIDTH:0.533981
G1 X101.585 Y98.012 E2.27864
G1 X101.233 Y97.826 E2.30196
;LAYER_CHANGE
;Z:3.05
;HEIGHT:0.3
G1 E.30196 F2400
G92 E0
G1 Z3.05 F7800
G1 X98.688 Y101.311
G1 E2 F2400
;TYPE:Perimeter
;WIDTH:0.45
G1 F900
G1 X98.614 Y101.233 E2.00517
G1 X98.428 Y100.847 E2.02578
G1 X98.404 Y99.368 E2.09692
G1 X98.44 Y99.107 E2.10959
G1 X98.614 Y98.767 E2.12796
G1 X98.95 Y98.499 E2.14863
G1 X99.453 Y98.404 E2.17325
G1 X100.632 Y98.404 E2.22996
G1 X101.05 Y98.499 E2.25058
G1 X101.386 Y98.767 E2.27125
G1 X101.56 Y99.107 E2.28962
G1 X101.596 Y99.368 E2.30229
G1 X101.596 Y100.632 E2.36308
G1 X101.56 Y100.893 E2.37575
G1 X101.386 Y101.233 E2.39412
G1 X101.187 Y101.421 E2.40729
G1 X100.894 Y101.56 E2.42289
G1 X100.547 Y101.596 E2.43967
G1 X99.368 Y101.596 E2.49638
G1 X98.95 Y101.501 E2.517
G1 X98.729 Y101.354 E2.52977
G1 X98.968 Y101.035 F7800
G1 F900
G1 X98.916 Y100.993 E2.53298
G1 X98.804 Y100.761 E2.54537
G1 X98.789 Y99.368 E2.61237
G1 X98.86 Y99.091 E2.62612
G1 X99.035 Y98.895 E2.63876
G1 X99.368 Y98.789 E2.65557
G1 X100.632 Y98.789 E2.71636
G1 X100.965 Y98.895 E2.73317
G1 X101.14 Y99.091 E2.74581
G1 X101.211 Y99.368 E2.75956
G1 X101.211 Y100.632 E2.82035
G1 X101.189 Y100.789 E2.82797
G1 X101.015 Y101.066 E2.8437
G1 X100.749 Y101.211 E2.85827
G1 X99.453 Y101.211 E2.9206
G1 X99.117 Y101.153 E2.937
G1 X99.015 Y101.072 E2.94326
G1 X99.242 Y100.764 F7800
;TYPE:External perimeter
G1 F900
G1 X99.217 Y100.752 E2.94459
G1 X99.175 Y100.632 E2.9507
G1 X99.175 Y99.368 E3.01149
G1 X99.217 Y99.248 E3.0176
G1 X99.368 Y99.175 E3.02567
G1 X100.632 Y99.175 E3.08646
G1 X100.783 Y99.248 E3.09453
G1 X100.825 Y99.368 E3.10064
G1 X100.825 Y100.632 E3.16143
G1 X100.76 Y100.777 E3.16907
G1 X100.632 Y100.825 E3.17564
G1 X99.368 Y100.825 E3.23643
G1 X99.296 Y100.79 E3.24028
G1 X99.181 Y100.407 F7800
G1 E1.24028 F2400
G92 E0
G1 X97.956 Y102.563 F7800
G1 E2 F2400
;TYPE:Perimeter
G1 F900
G1 X97.046 Y101.422 E2.07019
G1 X96.722 Y100 E2.14034
G1 X97.046 Y98.578 E2.21049
G1 X97.956 Y97.437 E2.28068
G1 X99.271 Y96.804 E2.35087
G1 X100.729 Y96.804 E2.42099
G1 X102.044 Y97.437 E2.49118
G1 X102.954 Y98.578 E2.56137
G1 X103.278 Y100 E2.63152
G1 X102.954 Y101.422 E2.70167
G1 X102.044 Y102.563 E2.77186
G1 X100.729 Y103.196 E2.84205
G1 X99.271 Y103.196 E2.91217
G1 X98.01 Y102.589 E2.97948
G1 X97.709 Y102.872 F7800
G1 F900
G1 X96.69 Y101.594 E3.05809
G1 X96.326 Y100 E3.13673
G1 X96.69 Y98.406 E3.21537
G1 X97.709 Y97.128 E3.29398
G1 X99.183 Y96.418 E3.37267
G1 X100.817 Y96.418 E3.45126
G1 X102.291 Y97.128 E3.52995
G1 X103.31 Y98.406 E3.60856
G1 X103.674 Y100 E3.6872
G1 X103.31 Y101.594 E3.76584
G1 X102.291 Y102.872 E3.84445
G1 X100.817 Y103.582 E3.92314
G1 X99.183 Y103.582 E4.00173
G1 X97.764 Y102.898 E4.07749
G1 X97.463 Y103.181 F7800
;TYPE:External perimeter
G1 F900
G1 X96.334 Y101.766 E4.16455
G1 X95.931 Y100 E4.25167
G1 X96.334 Y98.234 E4.33879
G1 X97.463 Y96.819 E4.42585
G1 X99.095 Y96.033 E4.51297
G1 X100.905 Y96.033 E4.60002
G1 X102.537 Y96.819 E4.68714
G1 X103.666 Y98.234 E4.7742
G1 X104.069 Y100 E4.86132
G1 X103.666 Y101.766 E4.94844
G1 X102.537 Y103.181 E5.0355
G1 X100.905 Y103.967 E5.12262
G1 X99.095 Y103.967 E5.20967
G1 X97.517 Y103.207 E5.29391
G1 X97.25 Y102.91 F7800
G1 E3.29391 F2400
G92 E0
G1 X99.337 Y97.093 F7800
G1 E2 F2400
;TYPE:Solid infill
G1 F1200
G1 X100.663 Y97.093 E2.06378
G1 X101.859 Y97.669 E2.12763
G1 X102.686 Y98.706 E2.19142
G1 X102.981 Y100 E2.25525
G1 X102.709 Y101.193 E2.3141
G1 X102.622 Y101.374 E2.32376
G1 X101.859 Y102.331 E2.38263
G1 X100.663 Y102.907 E2.44648
G1 X99.337 Y102.907 E2.51026
G1 X98.141 Y102.331 E2.57411
G1 X97.314 Y101.294 E2.6379
G1 X97.019 Y100 E2.70173
G1 X97.314 Y98.706 E2.76556
G1 X98.141 Y97.669 E2.82935
G1 X99.163 Y97.177 E2.8839
G1 X100.354 Y97.445 F7800
;WIDTH:0.382217
G1 F1200
G1 X99.417 Y97.445 E2.92104
;WIDTH:0.422957
G1 X99.2 Y97.572 E2.93228
;WIDTH:0.463697
G1 X98.984 Y97.699 E2.94476
;WIDTH:0.504437
G1 X98.767 Y97.826 E2.95856
G1 X98.971 Y97.805 E2.96982
;WIDTH:0.463697
G1 X99.175 Y97.784 E2.98003
;WIDTH:0.422957
G1 X99.379 Y97.763 E2.9892
;WIDTH:0.382217
G1 X100.621 Y97.763 E3.03844
;WIDTH:0.420913
G1 X100.835 Y97.787 E3.04802
;WIDTH:0.459612
G1 X101.048 Y97.812 E3.05859
;WIDTH:0.498311
G1 X101.262 Y97.836 E3.07024
G1 X101.114 Y97.744 E3.07967
;WIDTH:0.459612
G1 X100.966 Y97.651 E3.08829
;WIDTH:0.420913
G1 X100.819 Y97.558 E3.09603
;WIDTH:0.382215
G1 X100.547 Y97.445 E3.10771
;WIDTH:0.45
G1 X100.547 Y98.115 E3.13993
G1 X101.141 Y98.228 E3.16901
G1 X101.583 Y98.559 E3.19557
G1 X101.838 Y99.028 E3.22125
G1 X101.884 Y99.317 E3.23532
G1 X101.885 Y100.627 E3.29833
G1 X101.84 Y100.946 E3.31382
G1 X101.607 Y101.418 E3.33914
G1 X101.383 Y101.619 E3.35362
G1 X100.949 Y101.843 E3.37711
G1 X100.547 Y101.885 E3.39655
G1 X99.374 Y101.885 E3.45297
G1 X99.009 Y101.832 E3.47071
G1 X98.79 Y101.739 E3.48215
G1 X98.392 Y101.417 E3.50677
G1 X98.162 Y100.969 E3.53099
G1 X98.115 Y100.625 E3.54769
G1 X98.116 Y99.317 E3.6106
G1 X98.157 Y99.049 E3.62364
G1 X98.387 Y98.589 E3.64838
G1 X98.781 Y98.266 E3.67288
G1 X99.354 Y98.115 E3.70138
G1 X100.354 Y98.115 E3.74948
G1 X101.262 Y97.836 F7800
;WIDTH:0.533983
G1 F1200
G1 X101.585 Y98.012 E3.77102
G1 X101.783 Y98.228 E3.78818
;WIDTH:0.495029
G1 X101.98 Y98.444 E3.80388
;WIDTH:0.496704
G1 X102.077 Y98.598 E3.81369
;WIDTH:0.537333
G1 X102.174 Y98.752 E3.82443
;WIDTH:0.577963
G1 X102.271 Y98.906 E3.83609
;WIDTH:0.601797
G1 X102.345 Y99.284 E3.86191
G1 X102.332 Y99.379 E3.86834
;WIDTH:0.576597
G1 X102.32 Y99.475 E3.87452
;WIDTH:0.551397
G1 X102.297 Y99.65 E3.88524
;WIDTH:0.505259
G1 X102.275 Y99.825 E3.89494
;WIDTH:0.459121
G1 X102.252 Y100 E3.90363
;WIDTH:0.454348
G1 X102.273 Y100.125 E3.9098
;WIDTH:0.495713
G1 X102.294 Y100.251 E3.91667
;WIDTH:0.537077
G1 X102.314 Y100.376 E3.92413
;WIDTH:0.578442
G1 X102.335 Y100.501 E3.93226
;WIDTH:0.619807
G1 X102.356 Y100.626 E3.94104
G1 X102.404 Y100.509 E3.9498
;WIDTH:0.578442
G1 X102.452 Y100.391 E3.95797
;WIDTH:0.537077
G1 X102.5 Y100.274 E3.96543
;WIDTH:0.495713
G1 X102.548 Y100.156 E3.97228
;WIDTH:0.454348
G1 X102.596 Y100.039 E3.97843
;WIDTH:0.456327
G1 X102.537 Y99.858 E3.98774
;WIDTH:0.499671
G1 X102.478 Y99.676 E3.99813
;WIDTH:0.543015
G1 X102.419 Y99.495 E4.00949
;WIDTH:0.586359
G1 X102.359 Y99.314 E4.0219
;WIDTH:0.601797
G1 X102.345 Y99.284 E4.02412
G1 E2.02412 F2400
G92 E0
G1 X98.767 Y97.826 F7800
G1 E2 F2400
;WIDTH:0.533985
G1 F1200
G1 X98.415 Y98.012 E2.02332
G1 X98.217 Y98.228 E2.04048
;WIDTH:0.495031
G1 X98.02 Y98.444 E2.05618
;WIDTH:0.496707
G1 X97.923 Y98.598 E2.06599
;WIDTH:0.537337
G1 X97.826 Y98.752 E2.07673
;WIDTH:0.577967
G1 X97.729 Y98.906 E2.08839
;WIDTH:0.601803
G1 X97.662 Y99.316 E2.11624
;WIDTH:0.586364
G1 X97.684 Y99.487 E2.12746
;WIDTH:0.543019
G1 X97.705 Y99.658 E2.13775
;WIDTH:0.499675
G1 X97.727 Y99.829 E2.14711
;WIDTH:0.45633
G1 X97.748 Y100 E2.15553
;WIDTH:0.454405
G1 X97.727 Y100.125 E2.1617
;WIDTH:0.495824
G1 X97.706 Y100.25 E2.16852
;WIDTH:0.537244
G1 X97.686 Y100.375 E2.17599
;WIDTH:0.578663
G1 X97.665 Y100.5 E2.18412
;WIDTH:0.620082
G1 X97.644 Y100.625 E2.19291
G1 X97.596 Y100.508 E2.20168
;WIDTH:0.578663
G1 X97.548 Y100.39 E2.20985
;WIDTH:0.537244
G1 X97.5 Y100.273 E2.21731
;WIDTH:0.495824
G1 X97.452 Y100.156 E2.22412
;WIDTH:0.454405
G1 X97.404 Y100.039 E2.23027
;WIDTH:0.412986
G1 X97.404 Y99.961 E2.23366
;WIDTH:0.458456
G1 X97.466 Y99.806 E2.24187
;WIDTH:0.503927
G1 X97.528 Y99.651 E2.25102
;WIDTH:0.549398
G1 X97.591 Y99.495 E2.2612
G1 X97.644 Y100.625 F7800
;WIDTH:0.620082
G1 F1200
G1 X97.73 Y101.093 E2.29418
;WIDTH:0.578695
G1 X97.828 Y101.25 E2.30605
;WIDTH:0.537853
G1 X97.927 Y101.406 E2.31696
;WIDTH:0.497011
G1 X98.025 Y101.562 E2.3269
;WIDTH:0.495483
G1 X98.22 Y101.775 E2.34243
;WIDTH:0.534797
G1 X98.415 Y101.988 E2.35937
G1 X98.912 Y102.239 E2.39204
G1 X100.354 Y102.237 F7800
;WIDTH:0.382215
G1 F1200
G1 X99.374 Y102.237 E2.43089
;WIDTH:0.426018
G1 X99.22 Y102.238 E2.43784
;WIDTH:0.469821
G1 X99.066 Y102.238 E2.44563
;WIDTH:0.513625
G1 X98.912 Y102.239 E2.45426
G1 X99.077 Y102.344 E2.46522
;WIDTH:0.469821
G1 X99.243 Y102.45 E2.47518
;WIDTH:0.426018
G1 X99.409 Y102.555 E2.48404
;WIDTH:0.382215
G1 X100.547 Y102.555 E2.52915
;WIDTH:0.385926
G1 X100.77 Y102.463 E2.53882
;WIDTH:0.428491
G1 X100.876 Y102.388 E2.54472
;WIDTH:0.471057
G1 X100.982 Y102.314 E2.55128
;WIDTH:0.513623
G1 X101.088 Y102.239 E2.55856
G1 X100.908 Y102.238 E2.56865
;WIDTH:0.469819
G1 X100.727 Y102.238 E2.5778
;WIDTH:0.426015
G1 X100.547 Y102.237 E2.58592
;WIDTH:0.45
G1 X101.088 Y102.239 E2.61194
;WIDTH:0.513623
G1 X101.185 Y102.197 E2.61786
;WIDTH:0.506799
G1 X101.628 Y101.957 E2.64566
G1 X101.982 Y101.551 E2.67538
;WIDTH:0.500509
G1 X102.077 Y101.398 E2.68518
;WIDTH:0.541643
G1 X102.173 Y101.245 E2.69593
;WIDTH:0.582777
G1 X102.269 Y101.092 E2.70761
;WIDTH:0.619807
G1 X102.356 Y100.626 E2.74045
;LAYER_CHANGE
;Z:3.35
;HEIGHT:0.3
G1 E.74045 F2400
G92 E0
G1 Z3.35 F7800
G1 X98.688 Y101.311
G1 E2 F2400
;TYPE:Perimeter
;WIDTH:0.45
G1 F900
G1 X98.614 Y101.233 E2.00517
G1 X98.428 Y100.847 E2.02578
G1 X98.404 Y99.368 E2.09692
G1 X98.44 Y99.107 E2.10959
G1 X98.614 Y98.767 E2.12796
G1 X98.95 Y98.499 E2.14863
G1 X99.453 Y98.404 E2.17325
G1 X100.632 Y98.404 E2.22996
G1 X101.05 Y98.499 E2.25058
G1 X101.386 Y98.767 E2.27125
G1 X101.56 Y99.107 E2.28962
G1 X101.596 Y99.368 E2.30229
G1 X101.596 Y100.632 E2.36308
G1 X101.56 Y100.893 E2.37575
G1 X101.386 Y101.233 E2.39412
G1 X101.187 Y101.421 E2.40729
G1 X100.894 Y101.56 E2.42289
G1 X100.547 Y101.596 E2.43967
G1 X99.368 Y101.596 E2.49638
G1 X98.95 Y101.501 E2.517
G1 X98.729 Y101.354 E2.52977
G1 X98.968 Y101.035 F7800
G1 F900
G1 X98.916 Y100.993 E2.53298
G1 X98.804 Y100.761 E2.54537
G1 X98.789 Y99.368 E2.61237
G1 X98.86 Y99.091 E2.62612
G1 X99.035 Y98.895 E2.63876
G1 X99.368 Y98.789 E2.65557
G1 X100.632 Y98.789 E2.71636
G1 X100.965 Y98.895 E2.73317
G1 X101.14 Y99.091 E2.74581
G1 X101.211 Y99.368 E2.75956
G1 X101.211 Y100.632 E2.82035
G1 X101.189 Y100.789 E2.82797
G1 X101.015 Y101.066 E2.8437
G1 X100.749 Y101.211 E2.85827
G1 X99.453 Y101.211 E2.9206
G1 X99.117 Y101.153 E2.937
G1 X99.015 Y101.072 E2.94326
G1 X99.242 Y100.764 F7800
;TYPE:External perimeter
G1 F900
G1 X99.217 Y100.752 E2.94459
G1 X99.175 Y100.632 E2.9507
G1 X99.175 Y99.368 E3.01149
G1 X99.217 Y99.248 E3.0176
G1 X99.453 Y99.175 E3.02948
G1 X100.632 Y99.175 E3.08619
G1 X100.783 Y99.248 E3.09426
G1 X100.825 Y99.368 E3.10037
G1 X100.825 Y100.632 E3.16116
G1 X100.76 Y100.777 E3.1688
G1 X100.632 Y100.825 E3.17537
G1 X99.368 Y100.825 E3.23616
G1 X99.296 Y100.79 E3.24001
G1 X99.181 Y100.407 F7800
G1 E1.24001 F2400
G92 E0
G1 X97.956 Y102.563 F7800
G1 E2 F2400
;TYPE:Perimeter
G1 F900
G1 X97.046 Y101.422 E2.07019
G1 X96.722 Y100 E2.14034
G1 X97.046 Y98.578 E2.21049
G1 X97.956 Y97.437 E2.28068
G1 X99.271 Y96.804 E2.35087
G1 X100.729 Y96.804 E2.42099
G1 X102.044 Y97.437 E2.49118
G1 X102.954 Y98.578 E2.56137
G1 X103.278 Y100 E2.63152
G1 X102.954 Y101.422 E2.70167
G1 X102.044 Y102.563 E2.77186
G1 X100.729 Y103.196 E2.84205
G1 X99.271 Y103.196 E2.91217
G1 X98.01 Y102.589 E2.97948
G1 X97.709 Y102.872 F7800
G1 F900
G1 X96.69 Y101.594 E3.05809
G1 X96.326 Y100 E3.13673
G1 X96.69 Y98.406 E3.21537
G1 X97.709 Y97.128 E3.29398
G1 X99.183 Y96.418 E3.37267
G1 X100.817 Y96.418 E3.45126
G1 X102.291 Y97.128 E3.52995
G1 X103.31 Y98.406 E3.60856
G1 X103.674 Y100 E3.6872
G1 X103.31 Y101.594 E3.76584
G1 X102.291 Y102.872 E3.84445
G1 X100.817 Y103.582 E3.92314
G1 X99.183 Y103.582 E4.00173
G1 X97.764 Y102.898 E4.07749
G1 X97.463 Y103.181 F7800
;TYPE:External perimeter
G1 F900
G1 X96.334 Y101.766 E4.16455
G1 X95.931 Y100 E4.25167
G1 X96.334 Y98.234 E4.33879
G1 X97.463 Y96.819 E4.42585
G1 X99.095 Y96.033 E4.51297
G1 X100.905 Y96.033 E4.60002
G1 X102.537 Y96.819 E4.68714
G1 X103.666 Y98.234 E4.7742
G1 X104.069 Y100 E4.86132
G1 X103.666 Y101.766 E4.94844
G1 X102.537 Y103.181 E5.0355
G1 X100.905 Y103.967 E5.12262
G1 X99.095 Y103.967 E5.20967
G1 X97.517 Y103.207 E5.29391
G1 X97.25 Y102.91 F7800
G1 E3.29391 F2400
G92 E0
G1 X97.019 Y100 F7800
G1 E2 F2400
;TYPE:Solid infill
G1 F1200
G1 X97.314 Y98.706 E2.06383
G1 X98.141 Y97.669 E2.12762
G1 X99.337 Y97.093 E2.19147
G1 X100.663 Y97.093 E2.25525
G1 X101.771 Y97.627 E2.31441
G1 X101.92 Y97.745 E2.32355
G1 X102.686 Y98.706 E2.38266
G1 X102.981 Y100 E2.44649
G1 X102.686 Y101.294 E2.51032
G1 X101.859 Y102.331 E2.57411
G1 X100.663 Y102.907 E2.63796
G1 X99.337 Y102.907 E2.70174
G1 X98.141 Y102.331 E2.76559
G1 X97.314 Y101.294 E2.82938
G1 X97.061 Y100.188 E2.88395
G1 X97.644 Y100.625 E2.91899
;WIDTH:0.620085
G1 X97.73 Y101.093 E2.95197
;WIDTH:0.578692
G1 X97.828 Y101.25 E2.96384
;WIDTH:0.537851
G1 X97.927 Y101.406 E2.97475
;WIDTH:0.49701
G1 X98.025 Y101.562 E2.98469
;WIDTH:0.495485
G1 X98.22 Y101.775 E3.00022
;WIDTH:0.534801
G1 X98.415 Y101.988 E3.01716
G1 X98.912 Y102.239 E3.04983
;WIDTH:0.513625
G1 X99.066 Y102.238 E3.05846
;WIDTH:0.469822
G1 X99.22 Y102.238 E3.06625
;WIDTH:0.426019
G1 X99.374 Y102.237 E3.0732
;WIDTH:0.382216
G1 X100.547 Y102.237 E3.1197
;WIDTH:0.420226
G1 X100.662 Y102.244 E3.12481
;WIDTH:0.458237
G1 X100.777 Y102.252 E3.13047
;WIDTH:0.496248
G1 X100.892 Y102.259 E3.13668
;WIDTH:0.534259
G1 X101.008 Y102.266 E3.14349
G1 X100.926 Y102.327 E3.14948
;WIDTH:0.495807
G1 X100.844 Y102.388 E3.15498
;WIDTH:0.457356
G1 X100.763 Y102.448 E3.15992
;WIDTH:0.418905
G1 X100.547 Y102.555 E3.17058
;WIDTH:0.382216
G1 X99.409 Y102.555 E3.21569
;WIDTH:0.42642
G1 X99.242 Y102.449 E3.22462
;WIDTH:0.470625
G1 X99.074 Y102.342 E3.23471
G1 X98.141 Y100.816 F7800
;WIDTH:0.45
G1 F1200
G1 X98.162 Y100.969 E3.24214
G1 X98.392 Y101.417 E3.26636
G1 X98.79 Y101.739 E3.29098
G1 X99.009 Y101.832 E3.30242
G1 X99.453 Y101.885 E3.32393
G1 X100.547 Y101.885 E3.37655
G1 X100.949 Y101.843 E3.39599
G1 X101.383 Y101.619 E3.41948
G1 X101.607 Y101.418 E3.43396
G1 X101.84 Y100.946 E3.45928
G1 X101.885 Y100.627 E3.47477
G1 X101.884 Y99.317 E3.53778
G1 X101.838 Y99.028 E3.55185
G1 X101.583 Y98.559 E3.57753
G1 X101.141 Y98.228 E3.60409
G1 X100.547 Y98.115 E3.63317
G1 X99.356 Y98.115 E3.69045
G1 X98.818 Y98.242 E3.71704
G1 X98.417 Y98.559 E3.74163
G1 X98.176 Y98.993 E3.76551
G1 X98.116 Y99.317 E3.78136
G1 X98.115 Y100.625 E3.84427
G1 X97.591 Y99.495 F7800
;WIDTH:0.549398
G1 F1200
G1 X97.528 Y99.651 E3.85445
;WIDTH:0.503927
G1 X97.466 Y99.806 E3.8636
;WIDTH:0.458456
G1 X97.404 Y99.961 E3.87181
;WIDTH:0.412986
G1 X97.404 Y100.039 E3.8752
;WIDTH:0.454405
G1 X97.452 Y100.156 E3.88135
;WIDTH:0.495825
G1 X97.5 Y100.273 E3.88816
;WIDTH:0.537245
G1 X97.548 Y100.39 E3.89562
;WIDTH:0.578665
G1 X97.596 Y100.508 E3.90379
;WIDTH:0.620085
G1 X97.644 Y100.625 E3.91256
G1 X97.665 Y100.5 E3.92135
;WIDTH:0.578665
G1 X97.686 Y100.375 E3.92948
;WIDTH:0.537245
G1 X97.706 Y100.25 E3.93695
;WIDTH:0.495825
G1 X97.727 Y100.125 E3.94377
;WIDTH:0.454405
G1 X97.748 Y100 E3.94994
;WIDTH:0.45633
G1 X97.727 Y99.829 E3.95836
;WIDTH:0.499675
G1 X97.705 Y99.658 E3.96772
;WIDTH:0.543019
G1 X97.684 Y99.487 E3.97801
;WIDTH:0.586364
G1 X97.662 Y99.316 E3.98923
;WIDTH:0.601803
G1 X97.729 Y98.906 E4.01708
;WIDTH:0.577967
G1 X97.826 Y98.752 E4.02874
;WIDTH:0.537336
G1 X97.923 Y98.598 E4.03948
;WIDTH:0.496705
G1 X98.02 Y98.444 E4.04929
;WIDTH:0.495029
G1 X98.217 Y98.228 E4.06499
;WIDTH:0.533983
G1 X98.415 Y98.012 E4.08215
G1 X98.738 Y97.836 E4.10369
;WIDTH:0.498311
G1 X98.764 Y97.819 E4.10537
;WIDTH:0.489368
G1 X98.981 Y97.694 E4.11864
;WIDTH:0.45365
G1 X99.199 Y97.57 E4.13082
;WIDTH:0.417933
G1 X99.417 Y97.445 E4.1419
;WIDTH:0.382216
G1 X100.547 Y97.445 E4.1867
G1 X100.683 Y97.493 E4.19242
;WIDTH:0.422954
G1 X100.866 Y97.604 E4.20199
;WIDTH:0.463693
G1 X101.05 Y97.715 E4.21269
;WIDTH:0.504433
G1 X101.233 Y97.826 E4.22444
G1 X101.029 Y97.805 E4.2357
;WIDTH:0.463693
G1 X100.825 Y97.784 E4.24591
;WIDTH:0.422954
G1 X100.621 Y97.763 E4.25508
;WIDTH:0.382216
G1 X99.379 Y97.763 E4.30432
;WIDTH:0.422904
G1 X99.154 Y97.789 E4.31445
;WIDTH:0.463593
G1 X98.93 Y97.814 E4.32567
G1 E2.32567 F2400
G92 E0
G1 X102.356 Y100.626 F7800
G1 E2 F2400
;WIDTH:0.619809
G1 F1200
G1 X102.269 Y101.092 E2.03284
;WIDTH:0.582775
G1 X102.173 Y101.245 E2.04452
;WIDTH:0.541641
G1 X102.077 Y101.398 E2.05527
;WIDTH:0.500508
G1 X101.982 Y101.551 E2.06507
;WIDTH:0.506799
G1 X101.628 Y101.957 E2.09479
G1 X101.185 Y102.197 E2.12259
;WIDTH:0.534259
G1 X101.008 Y102.266 E2.13372
G1 E.13372 F2400
G92 E0
G1 X102.283 Y100.19 F7800
G1 E2 F2400
;WIDTH:0.523825
G1 F1200
G1 X102.308 Y100.336 E2.00849
;WIDTH:0.571817
G1 X102.332 Y100.481 E2.01779
;WIDTH:0.619809
G1 X102.356 Y100.626 E2.02797
G1 X102.404 Y100.509 E2.03673
;WIDTH:0.578443
G1 X102.452 Y100.391 E2.0449
;WIDTH:0.537078
G1 X102.5 Y100.274 E2.05236
;WIDTH:0.495713
G1 X102.548 Y100.156 E2.05921
;WIDTH:0.454348
G1 X102.596 Y100.039 E2.06536
;WIDTH:0.456326
G1 X102.537 Y99.858 E2.07467
;WIDTH:0.49967
G1 X102.478 Y99.676 E2.08506
;WIDTH:0.543013
G1 X102.419 Y99.495 E2.09642
;WIDTH:0.586357
G1 X102.359 Y99.314 E2.10883
;WIDTH:0.601795
G1 X102.345 Y99.284 E2.11105
G1 X102.321 Y99.463 E2.12316
;WIDTH:0.554592
G1 X102.298 Y99.642 E2.13419
;WIDTH:0.507389
G1 X102.275 Y99.821 E2.14416
;WIDTH:0.460186
G1 X102.252 Y100 E2.15307
;WIDTH:0.45
G1 X102.345 Y99.284 E2.1878
;WIDTH:0.601795
G1 X102.271 Y98.906 E2.21362
;WIDTH:0.577965
G1 X102.171 Y98.748 E2.2256
;WIDTH:0.53635
G1 X102.071 Y98.59 E2.23661
;WIDTH:0.494735
G1 X101.972 Y98.431 E2.24666
;WIDTH:0.493551
G1 X101.779 Y98.222 E2.26189
;WIDTH:0.533981
G1 X101.585 Y98.012 E2.27864
G1 X101.233 Y97.826 E2.30196
;LAYER_CHANGE
;Z:3.65
;HEIGHT:0.3
G1 E.30196 F2400
G92 E0
G1 Z3.65 F7800
G1 X98.688 Y101.311
G1 E2 F2400
;TYPE:Perimeter
;WIDTH:0.45
G1 F900
G1 X98.614 Y101.233 E2.00517
G1 X98.428 Y100.847 E2.02578
G1 X98.404 Y99.368 E2.09692
G1 X98.44 Y99.107 E2.10959
G1 X98.614 Y98.767 E2.12796
G1 X98.95 Y98.499 E2.14863
G1 X99.453 Y98.404 E2.17325
G1 X100.632 Y98.404 E2.22996
G1 X101.05 Y98.499 E2.25058
G1 X101.386 Y98.767 E2.27125
G1 X101.56 Y99.107 E2.28962
G1 X101.596 Y99.368 E2.30229
G1 X101.596 Y100.632 E2.36308
G1 X101.56 Y100.893 E2.37575
G1 X101.386 Y101.233 E2.39412
G1 X101.187 Y101.421 E2.40729
G1 X100.894 Y101.56 E2.42289
G1 X100.547 Y101.596 E2.43967
G1 X99.368 Y101.596 E2.49638
G1 X98.95 Y101.501 E2.517
G1 X98.729 Y101.354 E2.52977
G1 X98.968 Y101.035 F7800
G1 F900
G1 X98.916 Y100.993 E2.53298
G1 X98.804 Y100.761 E2.54537
G1 X98.789 Y99.368 E2.61237
G1 X98.86 Y99.091 E2.62612
G1 X99.035 Y98.895 E2.63876
G1 X99.368 Y98.789 E2.65557
G1 X100.632 Y98.789 E2.71636
G1 X100.965 Y98.895 E2.73317
G1 X101.14 Y99.091 E2.74581
G1 X101.211 Y99.368 E2.75956
G1 X101.211 Y100.632 E2.82035
G1 X101.189 Y100.789 E2.82797
G1 X101.015 Y101.066 E2.8437
G1 X100.749 Y101.211 E2.85827
G1 X99.453 Y101.211 E2.9206
G1 X99.117 Y101.153 E2.937
G1 X99.015 Y101.072 E2.94326
G1 X99.242 Y100.764 F7800
;TYPE:External perimeter
G1 F900
G1 X99.217 Y100.752 E2.94459
G1 X99.175 Y100.632 E2.9507
G1 X99.175 Y99.368 E3.01149
G1 X99.217 Y99.248 E3.0176
G1 X99.368 Y99.175 E3.02567
G1 X100.632 Y99.175 E3.08646
G1 X100.783 Y99.248 E3.09453
G1 X100.825 Y99.368 E3.10064
G1 X100.825 Y100.632 E3.16143
G1 X100.76 Y100.777 E3.16907
G1 X100.632 Y100.825 E3.17564
G1 X99.368 Y100.825 E3.23643
G1 X99.296 Y100.79 E3.24028
G1 X99.181 Y100.407 F7800
G1 E1.24028 F2400
G92 E0
G1 X97.956 Y102.563 F7800
G1 E2 F2400
;TYPE:Perimeter
G1 F900
G1 X97.046 Y101.422 E2.07019
G1 X96.722 Y100 E2.14034
G1 X97.046 Y98.578 E2.21049
G1 X97.956 Y97.437 E2.28068
G1 X99.271 Y96.804 E2.35087
G1 X100.729 Y96.804 E2.42099
G1 X102.044 Y97.437 E2.49118
G1 X102.954 Y98.578 E2.56137
G1 X103.278 Y100 E2.63152
G1 X102.954 Y101.422 E2.70167
G1 X102.044 Y102.563 E2.77186
G1 X100.729 Y103.196 E2.84205
G1 X99.271 Y103.196 E2.91217
G1 X98.01 Y102.589 E2.97948
G1 X97.709 Y102.872 F7800
G1 F900
G1 X96.69 Y101.594 E3.05809
G1 X96.326 Y100 E3.13673
G1 X96.69 Y98.406 E3.21537
G1 X97.709 Y97.128 E3.29398
G1 X99.183 Y96.418 E3.37267
G1 X100.817 Y96.418 E3.45126
G1 X102.291 Y97.128 E3.52995
G1 X103.31 Y98.406 E3.60856
G1 X103.674 Y100 E3.6872
G1 X103.31 Y101.594 E3.76584
G1 X102.291 Y102.872 E3.84445
G1 X100.817 Y103.582 E3.92314
G1 X99.183 Y103.582 E4.00173
G1 X97.764 Y102.898 E4.07749
G1 X97.463 Y103.181 F7800
;TYPE:External perimeter
G1 F900
G1 X96.334 Y101.766 E4.16455
G1 X95.931 Y100 E4.25167
G1 X96.334 Y98.234 E4.33879
G1 X97.463 Y96.819 E4.42585
G1 X99.095 Y96.033 E4.51297
G1 X100.905 Y96.033 E4.60002
G1 X102.537 Y96.819 E4.68714
G1 X103.666 Y98.234 E4.7742
G1 X104.069 Y100 E4.86132
G1 X103.666 Y101.766 E4.94844
G1 X102.537 Y103.181 E5.0355
G1 X100.905 Y103.967 E5.12262
G1 X99.095 Y103.967 E5.20967
G1 X97.517 Y103.207 E5.29391
G1 X97.25 Y102.91 F7800
G1 E3.29391 F2400
G92 E0
G1 X99.337 Y97.093 F7800
G1 E2 F2400
;TYPE:Solid infill
G1 F1200
G1 X100.663 Y97.093 E2.06378
G1 X101.859 Y97.669 E2.12763
G1 X102.686 Y98.706 E2.19142
G1 X102.981 Y100 E2.25525
G1 X102.709 Y101.193 E2.3141
G1 X102.622 Y101.374 E2.32376
G1 X101.859 Y102.331 E2.38263
G1 X100.663 Y102.907 E2.44648
G1 X99.337 Y102.907 E2.51026
G1 X98.141 Y102.331 E2.57411
G1 X97.314 Y101.294 E2.6379
G1 X97.019 Y100 E2.70173
G1 X97.314 Y98.706 E2.76556
G1 X98.141 Y97.669 E2.82935
G1 X99.163 Y97.177 E2.8839
G1 X100.354 Y97.445 F7800
;WIDTH:0.382217
G1 F1200
G1 X99.417 Y97.445 E2.92104
;WIDTH:0.422957
G1 X99.2 Y97.572 E2.93228
;WIDTH:0.463697
G1 X98.984 Y97.699 E2.94476
;WIDTH:0.504437
G1 X98.767 Y97.826 E2.95856
G1 X98.971 Y97.805 E2.96982
;WIDTH:0.463697
G1 X99.175 Y97.784 E2.98003
;WIDTH:0.422957
G1 X99.379 Y97.763 E2.9892
;WIDTH:0.382217
G1 X100.621 Y97.763 E3.03844
;WIDTH:0.420913
G1 X100.835 Y97.787 E3.04802
;WIDTH:0.459612
G1 X101.048 Y97.812 E3.05859
;WIDTH:0.498311
G1 X101.262 Y97.836 E3.07024
G1 X101.114 Y97.744 E3.07967
;WIDTH:0.459612
G1 X100.966 Y97.651 E3.08829
;WIDTH:0.420913
G1 X100.819 Y97.558 E3.09603
;WIDTH:0.382215
G1 X100.547 Y97.445 E3.10771
;WIDTH:0.45
G1 X100.547 Y98.115 E3.13993
G1 X101.141 Y98.228 E3.16901
G1 X101.583 Y98.559 E3.19557
G1 X101.838 Y99.028 E3.22125
G1 X101.884 Y99.317 E3.23532
G1 X101.885 Y100.627 E3.29833
G1 X101.84 Y100.946 E3.31382
G1 X101.607 Y101.418 E3.33914
G1 X101.383 Y101.619 E3.35362
G1 X100.949 Y101.843 E3.37711
G1 X100.547 Y101.885 E3.39655
G1 X99.374 Y101.885 E3.45297
G1 X99.009 Y101.832 E3.47071
G1 X98.79 Y101.739 E3.48215
G1 X98.392 Y101.417 E3.50677
G1 X98.162 Y100.969 E3.53099
G1 X98.115 Y100.625 E3.54769
G1 X98.116 Y99.317 E3.6106
G1 X98.157 Y99.049 E3.62364
G1 X98.387 Y98.589 E3.64838
G1 X98.781 Y98.266 E3.67288
G1 X99.354 Y98.115 E3.70138
G1 X100.354 Y98.115 E3.74948
G1 X101.262 Y97.836 F7800
;WIDTH:0.533983
G1 F1200
G1 X101.585 Y98.012 E3.77102
G1 X101.783 Y98.228 E3.78818
;WIDTH:0.495029
G1 X101.98 Y98.444 E3.80388
;WIDTH:0.496704
G1 X102.077 Y98.598 E3.81369
;WIDTH:0.537333
G1 X102.174 Y98.752 E3.82443
;WIDTH:0.577963
G1 X102.271 Y98.906 E3.83609
;WIDTH:0.601797
G1 X102.345 Y99.284 E3.86191
G1 X102.332 Y99.379 E3.86834
;WIDTH:0.576597
G1 X102.32 Y99.475 E3.87452
;WIDTH:0.551397
G1 X102.297 Y99.65 E3.88524
;WIDTH:0.505259
G1 X102.275 Y99.825 E3.89494
;WIDTH:0.459121
G1 X102.252 Y100 E3.90363
;WIDTH:0.454348
G1 X102.273 Y100.125 E3.9098
;WIDTH:0.495713
G1 X102.294 Y100.251 E3.91667
;WIDTH:0.537077
G1 X102.314 Y100.376 E3.92413
;WIDTH:0.578442
G1 X102.335 Y100.501 E3.93226
;WIDTH:0.619807
G1 X102.356 Y100.626 E3.94104
G1 X102.404 Y100.509 E3.9498
;WIDTH:0.578442
G1 X102.452 Y100.391 E3.95797
;WIDTH:0.537077
G1 X102.5 Y100.274 E3.96543
;WIDTH:0.495713
G1 X102.548 Y100.156 E3.97228
;WIDTH:0.454348
G1 X102.596 Y100.039 E3.97843
;WIDTH:0.456327
G1 X102.537 Y99.858 E3.98774
;WIDTH:0.499671
G1 X102.478 Y99.676 E3.99813
;WIDTH:0.543015
G1 X102.419 Y99.495 E4.00949
;WIDTH:0.586359
G1 X102.359 Y99.314 E4.0219
;WIDTH:0.601797
G1 X102.345 Y99.284 E4.02412
G1 E2.02412 F2400
G92 E0
G1 X98.767 Y97.826 F7800
G1 E2 F2400
;WIDTH:0.533985
G1 F1200
G1 X98.415 Y98.012 E2.02332
G1 X98.217 Y98.228 E2.04048
;WIDTH:0.495031
G1 X98.02 Y98.444 E2.05618
;WIDTH:0.496707
G1 X97.923 Y98.598 E2.06599
;WIDTH:0.537337
G1 X97.826 Y98.752 E2.07673
;WIDTH:0.577967
G1 X97.729 Y98.906 E2.08839
;WIDTH:0.601803
G1 X97.662 Y99.316 E2.11624
;WIDTH:0.586364
G1 X97.684 Y99.487 E2.12746
;WIDTH:0.543019
G1 X97.705 Y99.658 E2.13775
;WIDTH:0.499675
G1 X97.727 Y99.829 E2.14711
;WIDTH:0.45633
G1 X97.748 Y100 E2.15553
;WIDTH:0.454405
G1 X97.727 Y100.125 E2.1617
;WIDTH:0.495824
G1 X97.706 Y100.25 E2.16852
;WIDTH:0.537244
G1 X97.686 Y100.375 E2.17599
;WIDTH:0.578663
G1 X97.665 Y100.5 E2.18412
;WIDTH:0.620082
G1 X97.644 Y100.625 E2.19291
G1 X97.596 Y100.508 E2.20168
;WIDTH:0.578663
G1 X97.548 Y100.39 E2.20985
;WIDTH:0.537244
G1 X97.5 Y100.273 E2.21731
;WIDTH:0.495824
G1 X97.452 Y100.156 E2.22412
;WIDTH:0.454405
G1 X97.404 Y100.039 E2.23027
;WIDTH:0.412986
G1 X97.404 Y99.961 E2.23366
;WIDTH:0.458456
G1 X97.466 Y99.806 E2.24187
;WIDTH:0.503927
G1 X97.528 Y99.651 E2.25102
;WIDTH:0.549398
G1 X97.591 Y99.495 E2.2612
G1 X97.644 Y100.625 F7800
;WIDTH:0.620082
G1 F1200
G1 X97.73 Y101.093 E2.29418
;WIDTH:0.578695
G1 X97.828 Y101.25 E2.30605
;WIDTH:0.537853
G1 X97.927 Y101.406 E2.31696
;WIDTH:0.497011
G1 X98.025 Y101.562 E2.3269
;WIDTH:0.495483
G1 X98.22 Y101.775 E2.34243
;WIDTH:0.534797
G1 X98.415 Y101.988 E2.35937
G1 X98.912 Y102.239 E2.39204
G1 X100.354 Y102.237 F7800
;WIDTH:0.382215
G1 F1200
G1 X99.374 Y102.237 E2.43089
;WIDTH:0.426018
G1 X99.22 Y102.238 E2.43784
;WIDTH:0.469821
G1 X99.066 Y102.238 E2.44563
;WIDTH:0.513625
G1 X98.912 Y102.239 E2.45426
G1 X99.077 Y102.344 E2.46522
;WIDTH:0.469821
G1 X99.243 Y102.45 E2.47518
;WIDTH:0.426018
G1 X99.409 Y102.555 E2.48404
;WIDTH:0.382215
G1 X100.547 Y102.555 E2.52915
;WIDTH:0.385926
G1 X100.77 Y102.463 E2.53882
;WIDTH:0.428491
G1 X100.876 Y102.388 E2.54472
;WIDTH:0.471057
G1 X100.982 Y102.314 E2.55128
;WIDTH:0.513623
G1 X101.088 Y102.239 E2.55856
G1 X100.908 Y102.238 E2.56865
;WIDTH:0.469819
G1 X100.727 Y102.238 E2.5778
;WIDTH:0.426015
G1 X100.547 Y102.237 E2.58592
;WIDTH:0.45
G1 X101.088 Y102.239 E2.61194
;WIDTH:0.513623
G1 X101.185 Y102.197 E2.61786
;WIDTH:0.506799
G1 X101.628 Y101.957 E2.64566
G1 X101.982 Y101.551 E2.67538
;WIDTH:0.500509
G1 X102.077 Y101.398 E2.68518
;WIDTH:0.541643
G1 X102.173 Y101.245 E2.69593
;WIDTH:0.582777
G1 X102.269 Y101.092 E2.70761
;WIDTH:0.619807
G1 X102.356 Y100.626 E2.74045
;LAYER_CHANGE
;Z:3.95
;HEIGHT:0.3
G1 E.74045 F2400
G92 E0
G1 Z3.95 F7800
G1 X98.688 Y101.311
G1 E2 F2400
;TYPE:Perimeter
;WIDTH:0.45
G1 F900
G1 X98.614 Y101.233 E2.00517
G1 X98.428 Y100.847 E2.02578
G1 X98.404 Y99.368 E2.09692
G1 X98.44 Y99.107 E2.10959
G1 X98.614 Y98.767 E2.12796
G1 X98.95 Y98.499 E2.14863
G1 X99.453 Y98.404 E2.17325
G1 X100.632 Y98.404 E2.22996
G1 X101.05 Y98.499 E2.25058
G1 X101.386 Y98.767 E2.27125
G1 X101.56 Y99.107 E2.28962
G1 X101.596 Y99.368 E2.30229
G1 X101.596 Y100.632 E2.36308
G1 X101.56 Y100.893 E2.37575
G1 X101.386 Y101.233 E2.39412
G1 X101.187 Y101.421 E2.40729
G1 X100.894 Y101.56 E2.42289
G1 X100.547 Y101.596 E2.43967
G1 X99.368 Y101.596 E2.49638
G1 X98.95 Y101.501 E2.517
G1 X98.729 Y101.354 E2.52977
G1 X98.968 Y101.035 F7800
G1 F900
G1 X98.916 Y100.993 E2.53298
G1 X98.804 Y100.761 E2.54537
G1 X98.789 Y99.368 E2.61237
G1 X98.86 Y99.091 E2.62612
G1 X99.035 Y98.895 E2.63876
G1 X99.368 Y98.789 E2.65557
G1 X100.632 Y98.789 E2.71636
G1 X100.965 Y98.895 E2.73317
G1 X101.14 Y99.091 E2.74581
G1 X101.211 Y99.368 E2.75956
G1 X101.211 Y100.632 E2.82035
G1 X101.189 Y100.789 E2.82797
G1 X101.015 Y101.066 E2.8437
G1 X100.749 Y101.211 E2.85827
G1 X99.453 Y101.211 E2.9206
G1 X99.117 Y101.153 E2.937
G1 X99.015 Y101.072 E2.94326
G1 X99.242 Y100.764 F7800
;TYPE:External perimeter
G1 F900
G1 X99.217 Y100.752 E2.94459
G1 X99.175 Y100.632 E2.9507
G1 X99.175 Y99.368 E3.01149
G1 X99.217 Y99.248 E3.0176
G1 X99.368 Y99.175 E3.02567
G1 X100.632 Y99.175 E3.08646
G1 X100.783 Y99.248 E3.09453
G1 X100.825 Y99.368 E3.10064
G1 X100.825 Y100.632 E3.16143
G1 X100.76 Y100.777 E3.16907
G1 X100.632 Y100.825 E3.17564
G1 X99.368 Y100.825 E3.23643
G1 X99.296 Y100.79 E3.24028
G1 X99.181 Y100.407 F7800
G1 E1.24028 F2400
G92 E0
G1 X97.956 Y102.563 F7800
G1 E2 F2400
;TYPE:Perimeter
G1 F900
G1 X97.046 Y101.422 E2.07019
G1 X96.722 Y100 E2.14034
G1 X97.046 Y98.578 E2.21049
G1 X97.956 Y97.437 E2.28068
G1 X99.271 Y96.804 E2.35087
G1 X100.729 Y96.804 E2.42099
G1 X102.044 Y97.437 E2.49118
G1 X102.954 Y98.578 E2.56137
G1 X103.278 Y100 E2.63152
G1 X102.954 Y101.422 E2.70167
G1 X102.044 Y102.563 E2.77186
G1 X100.729 Y103.196 E2.84205
G1 X99.271 Y103.196 E2.91217
G1 X98.01 Y102.589 E2.97948
G1 X97.709 Y102.872 F7800
G1 F900
G1 X96.69 Y101.594 E3.05809
G1 X96.326 Y100 E3.13673
G1 X96.69 Y98.406 E3.21537
G1 X97.709 Y97.128 E3.29398
G1 X99.183 Y96.418 E3.37267
G1 X100.817 Y96.418 E3.45126
G1 X102.291 Y97.128 E3.52995
G1 X103.31 Y98.406 E3.60856
G1 X103.674 Y100 E3.6872
G1 X103.31 Y101.594 E3.76584
G1 X102.291 Y102.872 E3.84445
G1 X100.817 Y103.582 E3.92314
G1 X99.183 Y103.582 E4.00173
G1 X97.764 Y102.898 E4.07749
G1 X97.463 Y103.181 F7800
;TYPE:External perimeter
G1 F900
G1 X96.334 Y101.766 E4.16455
G1 X95.931 Y100 E4.25167
G1 X96.334 Y98.234 E4.33879
G1 X97.463 Y96.819 E4.42585
G1 X99.095 Y96.033 E4.51297
G1 X100.905 Y96.033 E4.60002
G1 X102.537 Y96.819 E4.68714
G1 X103.666 Y98.234 E4.7742
G1 X104.069 Y100 E4.86132
G1 X103.666 Y101.766 E4.94844
G1 X102.537 Y103.181 E5.0355
G1 X100.905 Y103.967 E5.12262
G1 X99.095 Y103.967 E5.20967
G1 X97.517 Y103.207 E5.29391
G1 X97.25 Y102.91 F7800
G1 E3.29391 F2400
G92 E0
G1 X97.019 Y100 F7800
G1 E2 F2400
;TYPE:Solid infill
G1 F1200
G1 X97.314 Y98.706 E2.06383
G1 X98.141 Y97.669 E2.12762
G1 X99.337 Y97.093 E2.19147
G1 X100.663 Y97.093 E2.25525
G1 X101.771 Y97.627 E2.31441
G1 X101.92 Y97.745 E2.32355
G1 X102.686 Y98.706 E2.38266
G1 X102.981 Y100 E2.44649
G1 X102.686 Y101.294 E2.51032
G1 X101.859 Y102.331 E2.57411
G1 X100.663 Y102.907 E2.63796
G1 X99.337 Y102.907 E2.70174
G1 X98.141 Y102.331 E2.76559
G1 X97.314 Y101.294 E2.82938
G1 X97.061 Y100.188 E2.88395
G1 X97.644 Y100.625 E2.91899
;WIDTH:0.620085
G1 X97.73 Y101.093 E2.95197
;WIDTH:0.578692
G1 X97.828 Y101.25 E2.96384
;WIDTH:0.537851
G1 X97.927 Y101.406 E2.97475
;WIDTH:0.49701
G1 X98.025 Y101.562 E2.98469
;WIDTH:0.495485
G1 X98.22 Y101.775 E3.00022
;WIDTH:0.534801
G1 X98.415 Y101.988 E3.01716
G1 X98.912 Y102.239 E3.04983
;WIDTH:0.513625
G1 X99.066 Y102.238 E3.05846
;WIDTH:0.469822
G1 X99.22 Y102.238 E3.06625
;WIDTH:0.426019
G1 X99.374 Y102.237 E3.0732
;WIDTH:0.382216
G1 X100.547 Y102.237 E3.1197
;WIDTH:0.420226
G1 X100.662 Y102.244 E3.12481
;WIDTH:0.458237
G1 X100.777 Y102.252 E3.13047
;WIDTH:0.496248
G1 X100.892 Y102.259 E3.13668
;WIDTH:0.534259
G1 X101.008 Y102.266 E3.14349
G1 X100.926 Y102.327 E3.14948
;WIDTH:0.495807
G1 X100.844 Y102.388 E3.15498
;WIDTH:0.457356
G1 X100.763 Y102.448 E3.15992
;WIDTH:0.418905
G1 X100.547 Y102.555 E3.17058
;WIDTH:0.382216
G1 X99.409 Y102.555 E3.21569
;WIDTH:0.42642
G1 X99.242 Y102.449 E3.22462
;WIDTH:0.470625
G1 X99.074 Y102.342 E3.23471
G1 X98.141 Y100.816 F7800
;WIDTH:0.45
G1 F1200
G1 X98.162 Y100.969 E3.24214
G1 X98.392 Y101.417 E3.26636
G1 X98.79 Y101.739 E3.29098
G1 X99.009 Y101.832 E3.30242
G1 X99.453 Y101.885 E3.32393
G1 X100.547 Y101.885 E3.37655
G1 X100.949 Y101.843 E3.39599
G1 X101.383 Y101.619 E3.41948
G1 X101.607 Y101.418 E3.43396
G1 X101.84 Y100.946 E3.45928
G1 X101.885 Y100.627 E3.47477
G1 X101.884 Y99.317 E3.53778
G1 X101.838 Y99.028 E3.55185
G1 X101.583 Y98.559 E3.57753
G1 X101.141 Y98.228 E3.60409
G1 X100.547 Y98.115 E3.63317
G1 X99.356 Y98.115 E3.69045
G1 X98.818 Y98.242 E3.71704
G1 X98.417 Y98.559 E3.74163
G1 X98.176 Y98.993 E3.76551
G1 X98.116 Y99.317 E3.78136
G1 X98.115 Y100.625 E3.84427
G1 X97.591 Y99.495 F7800
;WIDTH:0.549398
G1 F1200
G1 X97.528 Y99.651 E3.85445
;WIDTH:0.503927
G1 X97.466 Y99.806 E3.8636
;WIDTH:0.458456
G1 X97.404 Y99.961 E3.87181
;WIDTH:0.412986
G1 X97.404 Y100.039 E3.8752
;WIDTH:0.454405
G1 X97.452 Y100.156 E3.88135
;WIDTH:0.495825
G1 X97.5 Y100.273 E3.88816
;WIDTH:0.537245
G1 X97.548 Y100.39 E3.89562
;WIDTH:0.578665
G1 X97.596 Y100.508 E3.90379
;WIDTH:0.620085
G1 X97.644 Y100.625 E3.91256
G1 X97.665 Y100.5 E3.92135
;WIDTH:0.578665
G1 X97.686 Y100.375 E3.92948
;WIDTH:0.537245
G1 X97.706 Y100.25 E3.93695
;WIDTH:0.495825
G1 X97.727 Y100.125 E3.94377
;WIDTH:0.454405
G1 X97.748 Y100 E3.94994
;WIDTH:0.45633
G1 X97.727 Y99.829 E3.95836
;WIDTH:0.499675
G1 X97.705 Y99.658 E3.96772
;WIDTH:0.543019
G1 X97.684 Y99.487 E3.97801
;WIDTH:0.586364
G1 X97.662 Y99.316 E3.98923
;WIDTH:0.601803
G1 X97.729 Y98.906 E4.01708
;WIDTH:0.577967
G1 X97.826 Y98.752 E4.02874
;WIDTH:0.537336
G1 X97.923 Y98.598 E4.03948
;WIDTH:0.496705
G1 X98.02 Y98.444 E4.04929
;WIDTH:0.495029
G1 X98.217 Y98.228 E4.06499
;WIDTH:0.533983
G1 X98.415 Y98.012 E4.08215
G1 X98.738 Y97.836 E4.10369
;WIDTH:0.498311
G1 X98.764 Y97.819 E4.10537
;WIDTH:0.489368
G1 X98.981 Y97.694 E4.11864
;WIDTH:0.45365
G1 X99.199 Y97.57 E4.13082
;WIDTH:0.417933
G1 X99.417 Y97.445 E4.1419
;WIDTH:0.382216
G1 X100.547 Y97.445 E4.1867
G1 X100.683 Y97.493 E4.19242
;WIDTH:0.422954
G1 X100.866 Y97.604 E4.20199
;WIDTH:0.463693
G1 X101.05 Y97.715 E4.21269
;WIDTH:0.504433
G1 X101.233 Y97.826 E4.22444
G1 X101.029 Y97.805 E4.2357
;WIDTH:0.463693
G1 X100.825 Y97.784 E4.24591
;WIDTH:0.422954
G1 X100.621 Y97.763 E4.25508
;WIDTH:0.382216
G1 X99.379 Y97.763 E4.30432
;WIDTH:0.422904
G1 X99.154 Y97.789 E4.31445
;WIDTH:0.463593
G1 X98.93 Y97.814 E4.32567
G1 E2.32567 F2400
G92 E0
G1 X102.356 Y100.626 F7800
G1 E2 F2400
;WIDTH:0.619809
G1 F1200
G1 X102.269 Y101.092 E2.03284
;WIDTH:0.582773
G1 X102.173 Y101.245 E2.04452
;WIDTH:0.541641
G1 X102.077 Y101.398 E2.05527
;WIDTH:0.50051
G1 X101.982 Y101.551 E2.06507
;WIDTH:0.506797
G1 X101.628 Y101.957 E2.09479
G1 X101.185 Y102.197 E2.12259
;WIDTH:0.534259
G1 X101.008 Y102.266 E2.13372
G1 E.13372 F2400
G92 E0
G1 X102.283 Y100.19 F7800
G1 E2 F2400
;WIDTH:0.523825
G1 F1200
G1 X102.308 Y100.336 E2.00849
;WIDTH:0.571817
G1 X102.332 Y100.481 E2.01779
;WIDTH:0.619809
G1 X102.356 Y100.626 E2.02797
G1 X102.404 Y100.509 E2.03673
;WIDTH:0.578443
G1 X102.452 Y100.391 E2.0449
;WIDTH:0.537078
G1 X102.5 Y100.274 E2.05236
;WIDTH:0.495713
G1 X102.548 Y100.156 E2.05921
;WIDTH:0.454348
G1 X102.596 Y100.039 E2.06536
;WIDTH:0.456327
G1 X102.537 Y99.858 E2.07467
;WIDTH:0.499671
G1 X102.478 Y99.676 E2.08506
;WIDTH:0.543015
G1 X102.419 Y99.495 E2.09642
;WIDTH:0.586359
G1 X102.359 Y99.314 E2.10883
;WIDTH:0.601797
G1 X102.345 Y99.284 E2.11105
G1 X102.321 Y99.463 E2.12316
;WIDTH:0.554593
G1 X102.298 Y99.642 E2.13419
;WIDTH:0.50739
G1 X102.275 Y99.821 E2.14416
;WIDTH:0.460186
G1 X102.252 Y100 E2.15307
;WIDTH:0.45
G1 X102.345 Y99.284 E2.1878
;WIDTH:0.601797
G1 X102.271 Y98.906 E2.21362
;WIDTH:0.577965
G1 X102.171 Y98.748 E2.2256
;WIDTH:0.536351
G1 X102.071 Y98.59 E2.23661
;WIDTH:0.494738
G1 X101.972 Y98.431 E2.24666
;WIDTH:0.493553
G1 X101.779 Y98.222 E2.26189
;WIDTH:0.533981
G1 X101.585 Y98.012 E2.27864
G1 X101.233 Y97.826 E2.30196
;LAYER_CHANGE
;Z:4.25
;HEIGHT:0.3
G1 E.30196 F2400
G92 E0
G1 Z4.25 F7800
G1 X98.688 Y101.311
G1 E2 F2400
;TYPE:Perimeter
;WIDTH:0.45
G1 F900
G1 X98.614 Y101.233 E2.00517
G1 X98.428 Y100.847 E2.02578
G1 X98.404 Y99.368 E2.09692
G1 X98.44 Y99.107 E2.10959
G1 X98.614 Y98.767 E2.12796
G1 X98.95 Y98.499 E2.14863
G1 X99.453 Y98.404 E2.17325
G1 X100.632 Y98.404 E2.22996
G1 X101.05 Y98.499 E2.25058
G1 X101.386 Y98.767 E2.27125
G1 X101.56 Y99.107 E2.28962
G1 X101.596 Y99.368 E2.30229
G1 X101.596 Y100.632 E2.36308
G1 X101.56 Y100.893 E2.37575
G1 X101.386 Y101.233 E2.39412
G1 X101.187 Y101.421 E2.40729
G1 X100.894 Y101.56 E2.42289
G1 X100.547 Y101.596 E2.43967
G1 X99.368 Y101.596 E2.49638
G1 X98.95 Y101.501 E2.517
G1 X98.729 Y101.354 E2.52977
G1 X98.968 Y101.035 F7800
G1 F900
G1 X98.916 Y100.993 E2.53298
G1 X98.804 Y100.761 E2.54537
G1 X98.789 Y99.368 E2.61237
G1 X98.86 Y99.091 E2.62612
G1 X99.035 Y98.895 E2.63876
G1 X99.368 Y98.789 E2.65557
G1 X100.632 Y98.789 E2.71636
G1 X100.965 Y98.895 E2.73317
G1 X101.14 Y99.091 E2.74581
G1 X101.211 Y99.368 E2.75956
G1 X101.211 Y100.632 E2.82035
G1 X101.189 Y100.789 E2.82797
G1 X101.015 Y101.066 E2.8437
G1 X100.749 Y101.211 E2.85827
G1 X99.453 Y101.211 E2.9206
G1 X99.117 Y101.153 E2.937
G1 X99.015 Y101.072 E2.94326
G1 X99.242 Y100.764 F7800
;TYPE:External perimeter
G1 F900
G1 X99.217 Y100.752 E2.94459
G1 X99.175 Y100.632 E2.9507
G1 X99.175 Y99.368 E3.01149
G1 X99.217 Y99.248 E3.0176
G1 X99.368 Y99.175 E3.02567
G1 X100.632 Y99.175 E3.08646
G1 X100.783 Y99.248 E3.09453
G1 X100.825 Y99.368 E3.10064
G1 X100.825 Y100.632 E3.16143
G1 X100.76 Y100.777 E3.16907
G1 X100.632 Y100.825 E3.17564
G1 X99.368 Y100.825 E3.23643
G1 X99.296 Y100.79 E3.24028
G1 X99.181 Y100.407 F7800
G1 E1.24028 F2400
G92 E0
G1 X97.956 Y102.563 F7800
G1 E2 F2400
;TYPE:Perimeter
G1 F900
G1 X97.046 Y101.422 E2.07019
G1 X96.722 Y100 E2.14034
G1 X97.046 Y98.578 E2.21049
G1 X97.956 Y97.437 E2.28068
G1 X99.271 Y96.804 E2.35087
G1 X100.729 Y96.804 E2.42099
G1 X102.044 Y97.437 E2.49118
G1 X102.954 Y98.578 E2.56137
G1 X103.278 Y100 E2.63152
G1 X102.954 Y101.422 E2.70167
G1 X102.044 Y102.563 E2.77186
G1 X100.729 Y103.196 E2.84205
G1 X99.271 Y103.196 E2.91217
G1 X98.01 Y102.589 E2.97948
G1 X97.709 Y102.872 F7800
G1 F900
G1 X96.69 Y101.594 E3.05809
G1 X96.326 Y100 E3.13673
G1 X96.69 Y98.406 E3.21537
G1 X97.709 Y97.128 E3.29398
G1 X99.183 Y96.418 E3.37267
G1 X100.817 Y96.418 E3.45126
G1 X102.291 Y97.128 E3.52995
G1 X103.31 Y98.406 E3.60856
G1 X103.674 Y100 E3.6872
G1 X103.31 Y101.594 E3.76584
G1 X102.291 Y102.872 E3.84445
G1 X100.817 Y103.582 E3.92314
G1 X99.183 Y103.582 E4.00173
G1 X97.764 Y102.898 E4.07749
G1 X97.463 Y103.181 F7800
;TYPE:External perimeter
G1 F900
G1 X96.334 Y101.766 E4.16455
G1 X95.931 Y100 E4.25167
G1 X96.334 Y98.234 E4.33879
G1 X97.463 Y96.819 E4.42585
G1 X99.095 Y96.033 E4.51297
G1 X100.905 Y96.033 E4.60002
G1 X102.537 Y96.819 E4.68714
G1 X103.666 Y98.234 E4.7742
G1 X104.069 Y100 E4.86132
G1 X103.666 Y101.766 E4.94844
G1 X102.537 Y103.181 E5.0355
G1 X100.905 Y103.967 E5.12262
G1 X99.095 Y103.967 E5.20967
G1 X97.517 Y103.207 E5.29391
G1 X97.25 Y102.91 F7800
G1 E3.29391 F2400
G92 E0
G1 X99.337 Y97.093 F7800
G1 E2 F2400
;TYPE:Solid infill
G1 F1200
G1 X100.663 Y97.093 E2.06378
G1 X101.859 Y97.669 E2.12763
G1 X102.686 Y98.706 E2.19142
G1 X102.981 Y100 E2.25525
G1 X102.709 Y101.193 E2.3141
G1 X102.622 Y101.374 E2.32376
G1 X101.859 Y102.331 E2.38263
G1 X100.663 Y102.907 E2.44648
G1 X99.337 Y102.907 E2.51026
G1 X98.141 Y102.331 E2.57411
G1 X97.314 Y101.294 E2.6379
G1 X97.019 Y100 E2.70173
G1 X97.314 Y98.706 E2.76556
G1 X98.141 Y97.669 E2.82935
G1 X99.163 Y97.177 E2.8839
G1 X100.354 Y97.445 F7800
;WIDTH:0.382217
G1 F1200
G1 X99.417 Y97.445 E2.92104
;WIDTH:0.422957
G1 X99.2 Y97.572 E2.93228
;WIDTH:0.463697
G1 X98.984 Y97.699 E2.94476
;WIDTH:0.504437
G1 X98.767 Y97.826 E2.95856
G1 X98.971 Y97.805 E2.96982
;WIDTH:0.463697
G1 X99.175 Y97.784 E2.98003
;WIDTH:0.422957
G1 X99.379 Y97.763 E2.9892
;WIDTH:0.382217
G1 X100.621 Y97.763 E3.03844
;WIDTH:0.420913
G1 X100.835 Y97.787 E3.04802
;WIDTH:0.459612
G1 X101.048 Y97.812 E3.05859
;WIDTH:0.498311
G1 X101.262 Y97.836 E3.07024
G1 X101.114 Y97.744 E3.07967
;WIDTH:0.459612
G1 X100.966 Y97.651 E3.08829
;WIDTH:0.420913
G1 X100.819 Y97.558 E3.09603
;WIDTH:0.382215
G1 X100.547 Y97.445 E3.10771
;WIDTH:0.45
G1 X100.547 Y98.115 E3.13993
G1 X101.141 Y98.228 E3.16901
G1 X101.583 Y98.559 E3.19557
G1 X101.838 Y99.028 E3.22125
G1 X101.884 Y99.317 E3.23532
G1 X101.885 Y100.627 E3.29833
G1 X101.84 Y100.946 E3.31382
G1 X101.607 Y101.418 E3.33914
G1 X101.383 Y101.619 E3.35362
G1 X100.949 Y101.843 E3.37711
G1 X100.547 Y101.885 E3.39655
G1 X99.374 Y101.885 E3.45297
G1 X99.009 Y101.832 E3.47071
G1 X98.79 Y101.739 E3.48215
G1 X98.392 Y101.417 E3.50677
G1 X98.162 Y100.969 E3.53099
G1 X98.115 Y100.625 E3.54769
G1 X98.116 Y99.317 E3.6106
G1 X98.157 Y99.049 E3.62364
G1 X98.387 Y98.589 E3.64838
G1 X98.781 Y98.266 E3.67288
G1 X99.354 Y98.115 E3.70138
G1 X100.354 Y98.115 E3.74948
G1 X101.262 Y97.836 F7800
;WIDTH:0.533985
G1 F1200
G1 X101.585 Y98.012 E3.77102
G1 X101.783 Y98.228 E3.78818
;WIDTH:0.495031
G1 X101.98 Y98.444 E3.80388
;WIDTH:0.496706
G1 X102.077 Y98.598 E3.81369
;WIDTH:0.537335
G1 X102.174 Y98.752 E3.82443
;WIDTH:0.577965
G1 X102.271 Y98.906 E3.83609
;WIDTH:0.601801
G1 X102.345 Y99.284 E3.86191
G1 X102.332 Y99.379 E3.86834
;WIDTH:0.5766
G1 X102.32 Y99.475 E3.87452
;WIDTH:0.5514
G1 X102.297 Y99.65 E3.88524
;WIDTH:0.505261
G1 X102.275 Y99.825 E3.89494
;WIDTH:0.459122
G1 X102.252 Y100 E3.90363
;WIDTH:0.454349
G1 X102.273 Y100.125 E3.9098
;WIDTH:0.495714
G1 X102.294 Y100.251 E3.91667
;WIDTH:0.537079
G1 X102.314 Y100.376 E3.92413
;WIDTH:0.578444
G1 X102.335 Y100.501 E3.93226
;WIDTH:0.619809
G1 X102.356 Y100.626 E3.94104
G1 X102.404 Y100.509 E3.9498
;WIDTH:0.578444
G1 X102.452 Y100.391 E3.95797
;WIDTH:0.537079
G1 X102.5 Y100.274 E3.96543
;WIDTH:0.495714
G1 X102.548 Y100.156 E3.97228
;WIDTH:0.454349
G1 X102.596 Y100.039 E3.97843
;WIDTH:0.456328
G1 X102.537 Y99.858 E3.98774
;WIDTH:0.499673
G1 X102.478 Y99.676 E3.99813
;WIDTH:0.543017
G1 X102.419 Y99.495 E4.00949
;WIDTH:0.586362
G1 X102.359 Y99.314 E4.0219
;WIDTH:0.601801
G1 X102.345 Y99.284 E4.02412
G1 E2.02412 F2400
G92 E0
G1 X98.767 Y97.826 F7800
G1 E2 F2400
;WIDTH:0.533985
G1 F1200
G1 X98.415 Y98.012 E2.02332
G1 X98.217 Y98.228 E2.04048
;WIDTH:0.495031
G1 X98.02 Y98.444 E2.05618
;WIDTH:0.496707
G1 X97.923 Y98.598 E2.06599
;WIDTH:0.537337
G1 X97.826 Y98.752 E2.07673
;WIDTH:0.577967
G1 X97.729 Y98.906 E2.08839
;WIDTH:0.601803
G1 X97.662 Y99.316 E2.11624
;WIDTH:0.586364
G1 X97.684 Y99.487 E2.12746
;WIDTH:0.543019
G1 X97.705 Y99.658 E2.13775
;WIDTH:0.499675
G1 X97.727 Y99.829 E2.14711
;WIDTH:0.45633
G1 X97.748 Y100 E2.15553
;WIDTH:0.454405
G1 X97.727 Y100.125 E2.1617
;WIDTH:0.495824
G1 X97.706 Y100.25 E2.16852
;WIDTH:0.537244
G1 X97.686 Y100.375 E2.17599
;WIDTH:0.578663
G1 X97.665 Y100.5 E2.18412
;WIDTH:0.620082
G1 X97.644 Y100.625 E2.19291
G1 X97.596 Y100.508 E2.20168
;WIDTH:0.578663
G1 X97.548 Y100.39 E2.20985
;WIDTH:0.537244
G1 X97.5 Y100.273 E2.21731
;WIDTH:0.495824
G1 X97.452 Y100.156 E2.22412
;WIDTH:0.454405
G1 X97.404 Y100.039 E2.23027
;WIDTH:0.412986
G1 X97.404 Y99.961 E2.23366
;WIDTH:0.458456
G1 X97.466 Y99.806 E2.24187
;WIDTH:0.503927
G1 X97.528 Y99.651 E2.25102
;WIDTH:0.549398
G1 X97.591 Y99.495 E2.2612
G1 X97.644 Y100.625 F7800
;WIDTH:0.620082
G1 F1200
G1 X97.73 Y101.093 E2.29418
;WIDTH:0.578695
G1 X97.828 Y101.25 E2.30605
;WIDTH:0.537853
G1 X97.927 Y101.406 E2.31696
;WIDTH:0.497011
G1 X98.025 Y101.562 E2.3269
;WIDTH:0.495483
G1 X98.22 Y101.775 E2.34243
;WIDTH:0.534797
G1 X98.415 Y101.988 E2.35937
G1 X98.912 Y102.239 E2.39204
G1 X100.354 Y102.237 F7800
;WIDTH:0.382215
G1 F1200
G1 X99.374 Y102.237 E2.43089
;WIDTH:0.426018
G1 X99.22 Y102.238 E2.43784
;WIDTH:0.469821
G1 X99.066 Y102.238 E2.44563
;WIDTH:0.513625
G1 X98.912 Y102.239 E2.45426
G1 X99.077 Y102.344 E2.46522
;WIDTH:0.469821
G1 X99.243 Y102.45 E2.47518
;WIDTH:0.426018
G1 X99.409 Y102.555 E2.48404
;WIDTH:0.382215
G1 X100.547 Y102.555 E2.52915
;WIDTH:0.385926
G1 X100.77 Y102.463 E2.53882
;WIDTH:0.428491
G1 X100.876 Y102.388 E2.54472
;WIDTH:0.471057
G1 X100.982 Y102.314 E2.55128
;WIDTH:0.513623
G1 X101.088 Y102.239 E2.55856
G1 X100.908 Y102.238 E2.56865
;WIDTH:0.469819
G1 X100.727 Y102.238 E2.5778
;WIDTH:0.426015
G1 X100.547 Y102.237 E2.58592
;WIDTH:0.45
G1 X101.088 Y102.239 E2.61194
;WIDTH:0.513623
G1 X101.185 Y102.197 E2.61786
;WIDTH:0.506799
G1 X101.628 Y101.957 E2.64566
G1 X101.982 Y101.551 E2.67538
;WIDTH:0.500507
G1 X102.077 Y101.398 E2.68518
;WIDTH:0.541642
G1 X102.173 Y101.245 E2.69593
;WIDTH:0.582777
G1 X102.269 Y101.092 E2.70761
;WIDTH:0.619809
G1 X102.356 Y100.626 E2.74045
M106 S247.35
;LAYER_CHANGE
;Z:4.55
;HEIGHT:0.3
G1 E.74045 F2400
G92 E0
G1 Z4.55 F7800
G1 X97.956 Y102.563
G1 E2 F2400
;TYPE:Perimeter
;WIDTH:0.45
G1 F900
G1 X97.046 Y101.422 E2.07019
G1 X96.722 Y100 E2.14034
G1 X97.046 Y98.578 E2.21049
G1 X97.956 Y97.437 E2.28068
G1 X99.271 Y96.804 E2.35087
G1 X100.729 Y96.804 E2.42099
G1 X102.044 Y97.437 E2.49118
G1 X102.954 Y98.578 E2.56137
G1 X103.278 Y100 E2.63152
G1 X102.954 Y101.422 E2.70167
G1 X102.044 Y102.563 E2.77186
G1 X100.729 Y103.196 E2.84205
G1 X99.271 Y103.196 E2.91217
G1 X98.01 Y102.589 E2.97948
G1 X97.709 Y102.872 F7800
G1 F900
G1 X96.69 Y101.594 E3.05809
G1 X96.326 Y100 E3.13673
G1 X96.69 Y98.406 E3.21537
G1 X97.709 Y97.128 E3.29398
G1 X99.183 Y96.418 E3.37267
G1 X100.817 Y96.418 E3.45126
G1 X102.291 Y97.128 E3.52995
G1 X103.31 Y98.406 E3.60856
G1 X103.674 Y100 E3.6872
G1 X103.31 Y101.594 E3.76584
G1 X102.291 Y102.872 E3.84445
G1 X100.817 Y103.582 E3.92314
G1 X99.183 Y103.582 E4.00173
G1 X97.764 Y102.898 E4.07749
G1 X97.463 Y103.181 F7800
;TYPE:External perimeter
G1 F900
G1 X96.334 Y101.766 E4.16455
G1 X95.931 Y100 E4.25167
G1 X96.334 Y98.234 E4.33879
G1 X97.463 Y96.819 E4.42585
G1 X99.095 Y96.033 E4.51297
G1 X100.905 Y96.033 E4.60002
G1 X102.537 Y96.819 E4.68714
G1 X103.666 Y98.234 E4.7742
G1 X104.069 Y100 E4.86132
G1 X103.666 Y101.766 E4.94844
G1 X102.537 Y103.181 E5.0355
G1 X100.905 Y103.967 E5.12262
G1 X99.095 Y103.967 E5.20967
G1 X97.517 Y103.207 E5.29391
G1 X97.25 Y102.91 F7800
G1 X97.678 Y101.426
;TYPE:Bridge infill
;WIDTH:0.414405
;HEIGHT:0.4
M106 S255
G1 F3600
G1 X97.682 Y99.242 E5.41638
G1 X97.751 Y98.935 E5.43402
G1 X97.885 Y98.604 E5.45404
G1 X97.967 Y98.452 E5.46372
G1 X98.142 Y98.214 E5.48029
G1 X98.142 Y101.786 E5.68059
G1 X98.322 Y101.945 E5.69406
G1 X98.607 Y102.116 E5.7127
G1 X98.607 Y97.884 E5.95001
G1 X98.892 Y97.766 E5.96731
G1 X99.071 Y97.714 E5.97776
G1 X99.071 Y102.286 E6.23414
G1 X99.198 Y102.311 E6.2414
G1 X99.536 Y102.329 E6.26038
G1 X99.536 Y97.671 E6.52158
G1 X100 Y97.671 E6.5476
G1 X100 Y102.329 E6.8088
G1 X100.464 Y102.329 E6.83482
G1 X100.464 Y97.671 E7.09602
G1 X100.676 Y97.674 E7.10791
G1 X100.929 Y97.714 E7.12227
G1 X100.929 Y102.286 E7.37865
G1 X101.108 Y102.234 E7.3891
G1 X101.393 Y102.116 E7.4064
G1 X101.393 Y97.884 E7.64371
G1 X101.678 Y98.055 E7.66235
G1 X101.858 Y98.214 E7.67582
G1 X101.858 Y101.786 E7.87612
G1 X102.033 Y101.548 E7.89269
G1 X102.115 Y101.396 E7.90237
G1 X102.249 Y101.065 E7.92239
G1 X102.318 Y100.758 E7.94003
G1 X102.322 Y98.575 E8.06244
M106 S247.35
G1 E6.06244 F2400
G92 E0
G1 X97.143 Y99.542 F7800
G1 E2 F2400
;TYPE:Solid infill
;WIDTH:0.487073
;HEIGHT:0.3
G1 F1200
G1 X97.091 Y99.683 E2.00792
;WIDTH:0.44935
G1 X97.039 Y99.824 E2.01514
;WIDTH:0.411628
G1 X96.987 Y99.966 E2.02169
;WIDTH:0.412498
G1 X97.045 Y100.148 E2.02998
;WIDTH:0.45109
G1 X97.102 Y100.331 E2.03922
;WIDTH:0.489682
G1 X97.16 Y100.513 E2.04935
;WIDTH:0.528275
G1 X97.217 Y100.696 E2.06044
G1 X97.236 Y100.522 E2.07057
;WIDTH:0.489682
G1 X97.255 Y100.348 E2.07985
;WIDTH:0.45109
G1 X97.274 Y100.174 E2.08829
;WIDTH:0.412498
G1 X97.293 Y100 E2.09589
;WIDTH:0.413017
G1 X97.272 Y99.84 E2.10291
;WIDTH:0.452128
G1 X97.251 Y99.68 E2.11071
;WIDTH:0.491239
G1 X97.23 Y99.521 E2.11925
;WIDTH:0.530351
G1 X97.209 Y99.361 E2.12863
;WIDTH:0.535445
G1 X97.317 Y98.827 E2.16064
;WIDTH:0.510261
G1 X97.407 Y98.66 E2.17119
;WIDTH:0.474967
G1 X97.496 Y98.493 E2.18088
;WIDTH:0.439674
G1 X97.586 Y98.327 E2.18972
;WIDTH:0.404381
G1 X97.906 Y97.908 E2.21208
;WIDTH:0.438591
G1 X98.236 Y97.617 E2.23262
;WIDTH:0.446401
G1 X98.734 Y97.381 E2.25888
;WIDTH:0.488103
G1 X98.883 Y97.33 E2.2672
;WIDTH:0.529805
G1 X99.031 Y97.278 E2.27631
;WIDTH:0.571507
G1 X99.18 Y97.226 E2.28629
;WIDTH:0.613209
G1 X99.328 Y97.175 E2.29701
G1 X100.62 Y97.173 E2.38545
;WIDTH:0.609689
G1 X100.773 Y97.218 E2.3963
;WIDTH:0.565094
G1 X100.926 Y97.263 E2.40626
;WIDTH:0.520499
G1 X101.08 Y97.308 E2.41539
;WIDTH:0.475905
G1 X101.554 Y97.51 E2.44184
;WIDTH:0.468609
G1 X101.853 Y97.676 E2.45908
G1 X101.953 Y97.77 E2.466
;WIDTH:0.436495
G1 X102.053 Y97.864 E2.47237
;WIDTH:0.404381
G1 X102.374 Y98.267 E2.49422
;WIDTH:0.442767
G1 X102.467 Y98.418 E2.50259
;WIDTH:0.481154
G1 X102.559 Y98.569 E2.51178
;WIDTH:0.519541
G1 X102.652 Y98.719 E2.5218
;WIDTH:0.522591
G1 X102.775 Y99.256 E2.55328
;WIDTH:0.528245
G1 X102.783 Y99.304 E2.5561
G1 X102.793 Y100.62 F7800
;WIDTH:0.533889
G1 F1200
G1 X102.771 Y100.465 E2.56527
;WIDTH:0.49386
G1 X102.75 Y100.31 E2.57365
;WIDTH:0.453832
G1 X102.729 Y100.155 E2.58125
;WIDTH:0.413804
G1 X102.707 Y100 E2.58807
;WIDTH:0.412393
G1 X102.726 Y99.826 E2.59567
;WIDTH:0.45101
G1 X102.745 Y99.652 E2.60411
;WIDTH:0.489627
G1 X102.764 Y99.478 E2.61339
;WIDTH:0.528245
G1 X102.783 Y99.304 E2.62352
G1 X102.84 Y99.487 E2.63461
;WIDTH:0.489627
G1 X102.898 Y99.669 E2.64474
;WIDTH:0.45101
G1 X102.955 Y99.852 E2.65398
;WIDTH:0.412393
G1 X103.013 Y100.034 E2.66227
;WIDTH:0.411916
G1 X102.962 Y100.169 E2.66853
;WIDTH:0.450057
G1 X102.911 Y100.304 E2.67547
;WIDTH:0.488198
G1 X102.861 Y100.44 E2.68313
;WIDTH:0.513691
G1 X102.826 Y100.536 E2.68886
;WIDTH:0.539185
G1 X102.649 Y101.275 E2.73386
;WIDTH:0.531545
G1 X102.487 Y101.52 E2.75097
;WIDTH:0.489157
G1 X102.325 Y101.765 E2.76653
;WIDTH:0.446769
G1 X102.164 Y102.01 E2.78051
;WIDTH:0.440655
G1 X101.773 Y102.378 E2.80571
;WIDTH:0.446403
G1 X101.266 Y102.619 E2.83246
;WIDTH:0.488105
G1 X101.117 Y102.67 E2.84078
;WIDTH:0.529808
G1 X100.969 Y102.722 E2.84989
;WIDTH:0.57151
G1 X100.82 Y102.774 E2.85987
;WIDTH:0.613213
G1 X100.672 Y102.825 E2.87059
G1 X99.38 Y102.827 E2.95903
;WIDTH:0.609691
G1 X99.227 Y102.782 E2.96988
;WIDTH:0.565095
G1 X99.074 Y102.737 E2.97984
;WIDTH:0.520499
G1 X98.92 Y102.692 E2.98897
;WIDTH:0.475903
G1 X98.446 Y102.49 E3.01542
;WIDTH:0.468611
G1 X98.147 Y102.324 E3.03266
G1 X98.047 Y102.23 E3.03958
;WIDTH:0.436496
G1 X97.947 Y102.136 E3.04595
;WIDTH:0.404381
G1 X97.62 Y101.723 E3.06829
;WIDTH:0.443039
G1 X97.528 Y101.575 E3.07652
;WIDTH:0.481697
G1 X97.437 Y101.426 E3.08561
;WIDTH:0.520355
G1 X97.346 Y101.278 E3.09549
;WIDTH:0.522599
G1 X97.225 Y100.743 E3.12684
;WIDTH:0.528275
G1 X97.217 Y100.696 E3.1296
M106 S242.25
;LAYER_CHANGE
;Z:4.85
;HEIGHT:0.3
G1 E1.1296 F2400
G92 E0
G1 Z4.85 F7800
G1 X97.956 Y102.563
G1 E2 F2400
;TYPE:Perimeter
;WIDTH:0.45
G1 F900
G1 X97.046 Y101.422 E2.07019
G1 X96.722 Y100 E2.14034
G1 X97.046 Y98.578 E2.21049
G1 X97.956 Y97.437 E2.28068
G1 X99.271 Y96.804 E2.35087
G1 X100.729 Y96.804 E2.42099
G1 X102.044 Y97.437 E2.49118
G1 X102.954 Y98.578 E2.56137
G1 X103.278 Y100 E2.63152
G1 X102.954 Y101.422 E2.70167
G1 X102.044 Y102.563 E2.77186
G1 X100.729 Y103.196 E2.84205
G1 X99.271 Y103.196 E2.91217
G1 X98.01 Y102.589 E2.97948
G1 X97.709 Y102.872 F7800
G1 F900
G1 X96.69 Y101.594 E3.05809
G1 X96.326 Y100 E3.13673
G1 X96.69 Y98.406 E3.21537
G1 X97.709 Y97.128 E3.29398
G1 X99.183 Y96.418 E3.37267
G1 X100.817 Y96.418 E3.45126
G1 X102.291 Y97.128 E3.52995
G1 X103.31 Y98.406 E3.60856
G1 X103.674 Y100 E3.6872
G1 X103.31 Y101.594 E3.76584
G1 X102.291 Y102.872 E3.84445
G1 X100.817 Y103.582 E3.92314
G1 X99.183 Y103.582 E4.00173
G1 X97.764 Y102.898 E4.07749
G1 X97.463 Y103.181 F7800
;TYPE:External perimeter
G1 F900
G1 X96.334 Y101.766 E4.16455
G1 X95.931 Y100 E4.25167
G1 X96.334 Y98.234 E4.33879
G1 X97.463 Y96.819 E4.42585
G1 X99.095 Y96.033 E4.51297
G1 X100.905 Y96.033 E4.60002
G1 X102.537 Y96.819 E4.68714
G1 X103.666 Y98.234 E4.7742
G1 X104.069 Y100 E4.86132
G1 X103.666 Y101.766 E4.94844
G1 X102.537 Y103.181 E5.0355
G1 X100.905 Y103.967 E5.12262
G1 X99.095 Y103.967 E5.20967
G1 X97.517 Y103.207 E5.29391
G1 X97.25 Y102.91 F7800
G1 E3.29391 F2400
G92 E0
G1 X98.079 Y97.591 F7800
G1 E2 F2400
;TYPE:Solid infill
;WIDTH:0.404381
G1 F1200
G1 X97.543 Y98.19 E2.03409
;WIDTH:0.45
G1 X97.297 Y98.781 E2.06488
G1 X98.657 Y97.421 E2.15739
G1 X99.53 Y97.093 F7800
G1 F1200
G1 X97.136 Y99.487 E2.32023
G1 X96.933 Y99.736 E2.33568
;WIDTH:0.404381
G1 X96.884 Y100 E2.34707
;WIDTH:0.45
G1 X97.046 Y100.122 E2.35682
G1 X100.075 Y97.093 E2.56285
G1 X100.62 Y97.093 E2.58906
G1 X97.148 Y100.566 E2.82526
G1 X97.249 Y101.01 E2.84716
G1 X101.002 Y97.256 E3.10247
G1 X101.37 Y97.434 E3.12213
G1 X97.401 Y101.403 E3.3921
G1 X97.643 Y101.707 E3.41079
G1 X101.739 Y97.611 E3.68939
G1 X102.022 Y97.873 E3.70794
G1 X97.885 Y102.01 E3.98933
G1 X98.127 Y102.313 E4.00798
G1 X102.264 Y98.177 E4.28934
G1 X102.506 Y98.48 E4.30799
G1 X98.488 Y102.498 E4.58129
G1 X98.856 Y102.675 E4.60093
G1 X102.712 Y98.819 E4.86321
G1 X102.813 Y99.263 E4.88511
G1 X99.224 Y102.852 E5.12923
G1 X99.715 Y102.907 E5.15299
G1 X102.915 Y99.707 E5.37065
G1 X102.927 Y100.24 E5.39629
G1 X100.26 Y102.907 E5.5777
G1 X100.719 Y103.047 E5.60078
;WIDTH:0.404381
G1 X100.678 Y103.058 E5.60258
G1 X100.659 Y102.987 E5.6057
G1 X100.73 Y103.006 E5.60882
;WIDTH:0.45
G1 X100.938 Y102.775 E5.62377
G1 X102.765 Y100.947 E5.74807
G1 X102.777 Y101.34 E5.76698
;WIDTH:0.404381
G1 X101.874 Y102.35 E5.82443
;LAYER_CHANGE
;Z:5.15
;HEIGHT:0.3
G1 E3.82443 F2400
G92 E0
G1 Z5.15 F7800
G1 X97.956 Y102.563
G1 E2 F2400
;TYPE:Perimeter
;WIDTH:0.45
G1 F900
G1 X97.046 Y101.422 E2.07019
G1 X96.722 Y100 E2.14034
G1 X97.046 Y98.578 E2.21049
G1 X97.956 Y97.437 E2.28068
G1 X99.271 Y96.804 E2.35087
G1 X100.729 Y96.804 E2.42099
G1 X102.044 Y97.437 E2.49118
G1 X102.954 Y98.578 E2.56137
G1 X103.278 Y100 E2.63152
G1 X102.954 Y101.422 E2.70167
G1 X102.044 Y102.563 E2.77186
G1 X100.729 Y103.196 E2.84205
G1 X99.271 Y103.196 E2.91217
G1 X98.01 Y102.589 E2.97948
G1 X97.709 Y102.872 F7800
G1 F900
G1 X96.69 Y101.594 E3.05809
G1 X96.326 Y100 E3.13673
G1 X96.69 Y98.406 E3.21537
G1 X97.709 Y97.128 E3.29398
G1 X99.183 Y96.418 E3.37267
G1 X100.817 Y96.418 E3.45126
G1 X102.291 Y97.128 E3.52995
G1 X103.31 Y98.406 E3.60856
G1 X103.674 Y100 E3.6872
G1 X103.31 Y101.594 E3.76584
G1 X102.291 Y102.872 E3.84445
G1 X100.817 Y103.582 E3.92314
G1 X99.183 Y103.582 E4.00173
G1 X97.764 Y102.898 E4.07749
G1 X97.463 Y103.181 F7800
;TYPE:External perimeter
G1 F900
G1 X96.334 Y101.766 E4.16455
G1 X95.931 Y100 E4.25167
G1 X96.334 Y98.234 E4.33879
G1 X97.463 Y96.819 E4.42585
G1 X99.095 Y96.033 E4.51297
G1 X100.905 Y96.033 E4.60002
G1 X102.537 Y96.819 E4.68714
G1 X103.666 Y98.234 E4.7742
G1 X104.069 Y100 E4.86132
G1 X103.666 Y101.766 E4.94844
G1 X102.537 Y103.181 E5.0355
G1 X100.905 Y103.967 E5.12262
G1 X99.095 Y103.967 E5.20967
G1 X97.517 Y103.207 E5.29391
G1 X97.25 Y102.91 F7800
G1 X97.543 Y101.81
;TYPE:Solid infill
;WIDTH:0.404381
G1 F1200
G1 X98.078 Y102.408 E5.32794
G1 X98.96 Y102.743 F7800
G1 F1200
G1 X98.971 Y102.784 E5.32974
G1 X98.9 Y102.803 E5.33286
G1 X98.919 Y102.732 E5.33598
;WIDTH:0.45
G1 X98.657 Y102.579 E5.35057
G1 X97.297 Y101.219 E5.44308
G1 X96.884 Y100 F7800
;WIDTH:0.404381
G1 F1200
G1 X96.933 Y100.264 E5.45447
;WIDTH:0.45
G1 X97.136 Y100.513 E5.46992
G1 X99.53 Y102.907 E5.63276
G1 X100.075 Y102.907 E5.65897
G1 X97.046 Y99.878 E5.865
G1 X97.148 Y99.434 E5.88691
G1 X100.62 Y102.907 E6.12311
G1 X101.002 Y102.744 E6.14309
G1 X97.249 Y98.99 E6.3984
G1 X97.401 Y98.597 E6.41867
G1 X101.37 Y102.566 E6.68864
G1 X101.739 Y102.389 E6.70832
G1 X97.643 Y98.293 E6.98692
G1 X97.885 Y97.99 E7.00557
G1 X102.022 Y102.127 E7.28696
G1 X102.264 Y101.823 E7.30565
G1 X98.127 Y97.687 E7.58701
G1 X98.488 Y97.502 E7.60652
G1 X102.506 Y101.52 E7.87982
G1 X102.712 Y101.181 E7.8989
G1 X98.856 Y97.325 E8.16118
G1 X99.224 Y97.148 E8.18082
G1 X102.813 Y100.737 E8.42494
G1 X102.915 Y100.293 E8.44685
G1 X99.715 Y97.093 E8.66451
G1 X100.26 Y97.093 E8.69072
G1 X103.108 Y99.959 E8.88505
;WIDTH:0.404381
G1 X103.089 Y100.03 E8.88817
G1 X103.16 Y100.011 E8.89129
G1 X103.149 Y99.97 E8.89309
G1 X102.765 Y99.053 F7800
;WIDTH:0.45
G1 F1200
G1 X100.938 Y97.225 E9.01739
G1 X100.719 Y96.953 E9.03419
;WIDTH:0.404381
G1 X100.73 Y96.994 E9.03599
G1 X100.659 Y97.013 E9.03911
G1 X100.678 Y96.942 E9.04223
G1 X101.875 Y97.651 F7800
G1 F1200
G1 X102.777 Y98.66 E9.09962
M106 S237.15
;LAYER_CHANGE
;Z:5.45
;HEIGHT:0.3
G1 E7.09962 F2400
G92 E0
G1 Z5.45 F7800
G1 X97.956 Y102.563
G1 E2 F2400
;TYPE:Perimeter
;WIDTH:0.45
G1 F900
G1 X97.046 Y101.422 E2.07019
G1 X96.722 Y100 E2.14034
G1 X97.046 Y98.578 E2.21049
G1 X97.956 Y97.437 E2.28068
G1 X99.271 Y96.804 E2.35087
G1 X100.729 Y96.804 E2.42099
G1 X102.044 Y97.437 E2.49118
G1 X102.954 Y98.578 E2.56137
G1 X103.278 Y100 E2.63152
G1 X102.954 Y101.422 E2.70167
G1 X102.044 Y102.563 E2.77186
G1 X100.729 Y103.196 E2.84205
G1 X99.271 Y103.196 E2.91217
G1 X98.01 Y102.589 E2.97948
G1 X97.709 Y102.872 F7800
G1 F900
G1 X96.69 Y101.594 E3.05809
G1 X96.326 Y100 E3.13673
G1 X96.69 Y98.406 E3.21537
G1 X97.709 Y97.128 E3.29398
G1 X99.183 Y96.418 E3.37267
G1 X100.817 Y96.418 E3.45126
G1 X102.291 Y97.128 E3.52995
G1 X103.31 Y98.406 E3.60856
G1 X103.674 Y100 E3.6872
G1 X103.31 Y101.594 E3.76584
G1 X102.291 Y102.872 E3.84445
G1 X100.817 Y103.582 E3.92314
G1 X99.183 Y103.582 E4.00173
G1 X97.764 Y102.898 E4.07749
G1 X97.463 Y103.181 F7800
;TYPE:External perimeter
G1 F900
G1 X96.334 Y101.766 E4.16455
G1 X95.931 Y100 E4.25167
G1 X96.334 Y98.234 E4.33879
G1 X97.463 Y96.819 E4.42585
G1 X99.095 Y96.033 E4.51297
G1 X100.905 Y96.033 E4.60002
G1 X102.537 Y96.819 E4.68714
G1 X103.666 Y98.234 E4.7742
G1 X104.069 Y100 E4.86132
G1 X103.666 Y101.766 E4.94844
G1 X102.537 Y103.181 E5.0355
G1 X100.905 Y103.967 E5.12262
G1 X99.095 Y103.967 E5.20967
G1 X97.517 Y103.207 E5.29391
G1 X97.25 Y102.91 F7800
G1 E3.29391 F2400
G92 E0
G1 X101.539 Y102.68 F7800
G1 E2 F2400
;TYPE:Top solid infill
;WIDTH:0.41541
G1 F900
G1 X101.9 Y102.319 E2.02235
G1 X102.709 Y101.305 E2.07914
G1 X102.795 Y100.928 E2.09607
G1 X100.905 Y102.818 E2.21309
G1 X100.669 Y102.932 E2.22456
G1 X100.295 Y102.932 E2.24093
G1 X102.942 Y100.285 E2.40483
G1 X103.007 Y100 E2.41763
G1 X102.956 Y99.775 E2.42773
G1 X99.799 Y102.932 E2.6232
G1 X99.311 Y102.922 E2.64457
G1 X102.863 Y99.37 E2.8645
G1 X102.771 Y98.966 E2.88264
G1 X98.976 Y102.761 E3.11762
G1 X98.641 Y102.6 E3.13389
G1 X102.637 Y98.604 E3.38131
G1 X102.417 Y98.328 E3.39676
G1 X98.306 Y102.438 E3.65127
G1 X98.125 Y102.351 E3.66006
G1 X98.024 Y102.224 E3.66716
G1 X102.196 Y98.052 E3.92548
G1 X101.976 Y97.776 E3.94093
G1 X97.804 Y101.948 E4.19925
G1 X97.583 Y101.672 E4.21473
G1 X101.694 Y97.562 E4.46924
G1 X101.359 Y97.4 E4.48553
G1 X97.363 Y101.396 E4.73295
G1 X97.291 Y101.305 E4.73803
G1 X97.229 Y101.034 E4.7502
G1 X101.024 Y97.239 E4.98518
G1 X100.688 Y97.078 E5.00149
G1 X97.137 Y100.629 E5.22136
G1 X97.044 Y100.225 E5.23951
G1 X100.201 Y97.068 E5.43498
G1 X99.705 Y97.068 E5.4567
G1 X97.058 Y99.715 E5.6206
G1 X97.205 Y99.072 E5.64948
G1 X99.095 Y97.182 E5.7665
G1 X98.137 Y97.643 E5.81305
G1 X97.151 Y98.63 E5.87413
G1 E3.87413 F2400
G92 E0
M107
;TYPE:Custom
; Filament-specific end gcode 
;END gcode for filament
M104 S0 ; turn off temperature
G28 X0  ; home X axis
M84     ; disable motors
; objects_info = {"objects":[]}
; filament used [mm] = 122.68
; filament used [cm3] = 0.30
; total filament used [g] = 0.00
; total filament cost = 0.00
; total filament used for wipe tower [g] = 0.00
; estimated printing time (normal mode) = 2m 54s
; estimated first layer printing time (normal mode) = 11s

; prusaslicer_config = begin
; arc_fitting = disabled
; autoemit_temperature_commands = 1
; automatic_extrusion_widths = 0
; automatic_infill_combination = 0
; automatic_infill_combination_max_layer_height = 100%
; avoid_crossing_curled_overhangs = 0
; avoid_crossing_perimeters = 0
; avoid_crossing_perimeters_max_detour = 0
; bed_shape = 0x0,200x0,200x200,0x200
; bed_temperature = 0
; bed_temperature_extruder = 0
; before_layer_gcode = 
; between_objects_gcode = 
; binary_gcode = 0
; bottom_fill_pattern = monotonic
; bottom_solid_layers = 3
; bottom_solid_min_thickness = 0
; bridge_acceleration = 0
; bridge_angle = 0
; bridge_fan_speed = 100
; bridge_flow_ratio = 1
; bridge_speed = 60
; brim_separation = 0
; brim_type = outer_only
; brim_width = 0
; chamber_minimal_temperature = 0
; chamber_temperature = 0
; color_change_gcode = M600
; colorprint_heights = 
; complete_objects = 0
; cooling = 1
; cooling_perimeter_transition_distance = 0
; cooling_slowdown_logic = uniform_cooling
; cooling_tube_length = 5
; cooling_tube_retraction = 91.5
; custom_parameters_filament = ""
; custom_parameters_print = 
; custom_parameters_printer = 
; default_acceleration = 0
; deretract_speed = 0
; disable_fan_first_layers = 3
; dont_support_bridges = 1
; draft_shield = disabled
; duplicate_distance = 6
; elefant_foot_compensation = 0
; enable_dynamic_fan_speeds = 0
; enable_dynamic_overhang_speeds = 0
; end_filament_gcode = "; Filament-specific end gcode \n;END gcode for filament\n"
; end_gcode = M104 S0 ; turn off temperature\nG28 X0  ; home X axis\nM84     ; disable motors\n
; ensure_vertical_shell_thickness = enabled
; external_perimeter_acceleration = 0
; external_perimeter_extrusion_width = 0
; external_perimeter_speed = 50%
; external_perimeters_first = 0
; extra_loading_move = -2
; extra_perimeters = 1
; extra_perimeters_on_overhangs = 0
; extruder_clearance_height = 20
; extruder_clearance_radius = 20
; extruder_colour = ""
; extruder_offset = 0x0
; extrusion_axis = E
; extrusion_multiplier = 1
; extrusion_width = 0
; fan_always_on = 0
; fan_below_layer_time = 60
; filament_abrasive = 0
; filament_colour = #29B2B2
; filament_cooling_final_speed = 3.4
; filament_cooling_initial_speed = 2.2
; filament_cooling_moves = 4
; filament_cost = 0
; filament_density = 0
; filament_diameter = 1.75
; filament_flush_speed = 0
; filament_flush_volume = 0
; filament_infill_max_crossing_speed = 0
; filament_infill_max_speed = 0
; filament_load_time = 0
; filament_loading_speed = 28
; filament_loading_speed_start = 3
; filament_max_volumetric_speed = 0
; filament_minimal_purge_on_wipe_tower = 15
; filament_multitool_ramming = 0
; filament_multitool_ramming_flow = 10
; filament_multitool_ramming_volume = 10
; filament_notes = ""
; filament_purge_multiplier = 100%
; filament_ramming_parameters = "120 100 6.6 6.8 7.2 7.6 7.9 8.2 8.7 9.4 9.9 10.0| 0.05 6.6 0.45 6.8 0.95 7.8 1.45 8.3 1.95 9.7 2.45 10 2.95 7.6 3.45 7.6 3.95 7.6 4.45 7.6 4.95 7.6"
; filament_seam_gap_distance = 15%
; filament_settings_id = ""
; filament_shrinkage_compensation_xy = 0%
; filament_shrinkage_compensation_z = 0%
; filament_soluble = 0
; filament_spool_weight = 0
; filament_stamping_distance = 0
; filament_stamping_loading_speed = 20
; filament_toolchange_delay = 0
; filament_type = PLA
; filament_unload_time = 0
; filament_unloading_speed = 90
; filament_unloading_speed_start = 100
; fill_angle = 45
; fill_density = 20%
; fill_pattern = stars
; first_layer_acceleration = 0
; first_layer_acceleration_over_raft = 0
; first_layer_bed_temperature = 0
; first_layer_extrusion_width = 200%
; first_layer_height = 0.35
; first_layer_infill_speed = 0
; first_layer_speed = 30
; first_layer_speed_over_raft = 30
; first_layer_temperature = 200
; full_fan_speed_layer = 0
; fuzzy_skin = none
; fuzzy_skin_point_dist = 0.8
; fuzzy_skin_thickness = 0.3
; gap_fill_enabled = 1
; gap_fill_speed = 20
; gcode_comments = 0
; gcode_flavor = reprap
; gcode_label_objects = disabled
; gcode_resolution = 0.0125
; gcode_substitutions = 
; high_current_on_filament_swap = 0
; idle_temperature = nil
; infill_acceleration = 0
; infill_anchor = 600%
; infill_anchor_max = 50
; infill_every_layers = 1
; infill_extruder = 1
; infill_extrusion_width = 0
; infill_first = 0
; infill_overlap = 25%
; infill_speed = 80
; interface_shells = 0
; interlocking_beam = 0
; interlocking_beam_layer_count = 2
; interlocking_beam_width = 0.8
; interlocking_boundary_avoidance = 2
; interlocking_depth = 2
; interlocking_orientation = 22.5
; ironing = 0
; ironing_flowrate = 15%
; ironing_spacing = 0.1
; ironing_speed = 15
; ironing_type = top
; layer_gcode = 
; layer_height = 0.3
; machine_limits_usage = time_estimate_only
; machine_max_acceleration_e = 10000,5000
; machine_max_acceleration_extruding = 1500,1250
; machine_max_acceleration_retracting = 1500,1250
; machine_max_acceleration_travel = 1500,1250
; machine_max_acceleration_x = 9000,1000
; machine_max_acceleration_y = 9000,1000
; machine_max_acceleration_z = 500,200
; machine_max_feedrate_e = 120,120
; machine_max_feedrate_x = 500,200
; machine_max_feedrate_y = 500,200
; machine_max_feedrate_z = 12,12
; machine_max_jerk_e = 2.5,2.5
; machine_max_jerk_x = 10,10
; machine_max_jerk_y = 10,10
; machine_max_jerk_z = 0.2,0.4
; machine_max_junction_deviation = 0,0
; machine_min_extruding_rate = 0,0
; machine_min_travel_rate = 0,0
; max_fan_speed = 100
; max_layer_height = 0
; max_print_height = 200
; max_print_speed = 80
; max_volumetric_extrusion_rate_slope_negative = 0
; max_volumetric_extrusion_rate_slope_positive = 0
; max_volumetric_speed = 0
; min_bead_width = 85%
; min_fan_speed = 35
; min_feature_size = 25%
; min_layer_height = 0.07
; min_print_speed = 10
; min_skirt_length = 0
; mmu_segmented_region_interlocking_depth = 0
; mmu_segmented_region_max_width = 0
; multimaterial_purging = 140
; notes = 
; nozzle_diameter = 0.4
; nozzle_high_flow = 0
; only_one_perimeter_first_layer = 0
; only_retract_when_crossing_perimeters = 0
; ooze_prevention = 0
; output_filename_format = [input_filename_base].gcode
; over_bridge_speed = 0
; overhang_fan_speed_0 = 0
; overhang_fan_speed_1 = 0
; overhang_fan_speed_2 = 0
; overhang_fan_speed_3 = 0
; overhang_speed_0 = 15
; overhang_speed_1 = 15
; overhang_speed_2 = 20
; overhang_speed_3 = 25
; overhangs = 1
; parking_pos_retraction = 92
; pause_print_gcode = M601
; perimeter_acceleration = 0
; perimeter_extruder = 1
; perimeter_extrusion_width = 0
; perimeter_generator = arachne
; perimeter_speed = 60
; perimeters = 3
; physical_printer_settings_id = 
; post_process = 
; prefer_clockwise_movements = 0
; print_settings_id = 
; printer_model = 
; printer_notes = 
; printer_settings_id = 
; printer_technology = FFF
; raft_contact_distance = 0.1
; raft_expansion = 1.5
; raft_first_layer_density = 90%
; raft_first_layer_expansion = 3
; raft_layers = 0
; remaining_times = 0
; resolution = 0
; retract_before_travel = 2
; retract_before_wipe = 0%
; retract_layer_change = 0
; retract_length = 2
; retract_length_toolchange = 10
; retract_lift = 0
; retract_lift_above = 0
; retract_lift_below = 0
; retract_restart_extra = 0
; retract_restart_extra_toolchange = 0
; retract_speed = 40
; scarf_seam_entire_loop = 0
; scarf_seam_length = 20
; scarf_seam_max_segment_length = 1
; scarf_seam_on_inner_perimeters = 0
; scarf_seam_only_on_smooth = 1
; scarf_seam_placement = nowhere
; scarf_seam_start_height = 0%
; seam_gap_distance = 15%
; seam_position = aligned
; silent_mode = 1
; single_extruder_multi_material = 0
; single_extruder_multi_material_priming = 1
; skirt_distance = 6
; skirt_height = 1
; skirts = 1
; slice_closing_radius = 0.049
; slicing_mode = regular
; slowdown_below_layer_time = 5
; small_perimeter_speed = 15
; solid_infill_acceleration = 0
; solid_infill_below_area = 70
; solid_infill_every_layers = 0
; solid_infill_extruder = 1
; solid_infill_extrusion_width = 0
; solid_infill_speed = 20
; spiral_vase = 0
; staggered_inner_seams = 0
; standby_temperature_delta = -5
; start_filament_gcode = "; Filament gcode\n"
; start_gcode = G28 ; home all axes\nG1 Z5 F5000 ; lift nozzle\n
; support_material = 0
; support_material_angle = 0
; support_material_auto = 1
; support_material_bottom_contact_distance = 0
; support_material_bottom_interface_layers = -1
; support_material_buildplate_only = 0
; support_material_closing_radius = 2
; support_material_contact_distance = 0.2
; support_material_enforce_layers = 0
; support_material_extruder = 1
; support_material_extrusion_width = 0
; support_material_interface_contact_loops = 0
; support_material_interface_extruder = 1
; support_material_interface_layers = 3
; support_material_interface_pattern = rectilinear
; support_material_interface_spacing = 0
; support_material_interface_speed = 100%
; support_material_pattern = rectilinear
; support_material_spacing = 2.5
; support_material_speed = 60
; support_material_style = grid
; support_material_synchronize_layers = 0
; support_material_threshold = 0
; support_material_with_sheath = 1
; support_material_xy_spacing = 50%
; support_tree_angle = 40
; support_tree_angle_slow = 25
; support_tree_branch_diameter = 2
; support_tree_branch_diameter_angle = 5
; support_tree_branch_diameter_double_wall = 3
; support_tree_branch_distance = 1
; support_tree_tip_diameter = 0.8
; support_tree_top_rate = 15%
; temperature = 200
; template_custom_gcode = 
; thick_bridges = 1
; thin_walls = 1
; thumbnails = 
; thumbnails_format = PNG
; toolchange_gcode = 
; toolchange_ordering = optimized
; top_fill_pattern = monotonic
; top_infill_extrusion_width = 0
; top_one_perimeter_type = none
; top_solid_infill_acceleration = 0
; top_solid_infill_speed = 15
; top_solid_layers = 3
; top_solid_min_thickness = 0
; travel_acceleration = 0
; travel_lift_before_obstacle = 0
; travel_max_lift = 0
; travel_ramping_lift = 0
; travel_short_distance_acceleration = 0
; travel_slope = 0
; travel_speed = 130
; travel_speed_z = 0
; use_firmware_retraction = 0
; use_relative_e_distances = 0
; use_volumetric_e = 0
; variable_layer_height = 1
; wall_distribution_count = 1
; wall_transition_angle = 10
; wall_transition_filter_deviation = 25%
; wall_transition_length = 100%
; wipe = 0
; wipe_into_infill = 0
; wipe_into_objects = 0
; wipe_tower = 0
; wipe_tower_acceleration = 0
; wipe_tower_bridging = 10
; wipe_tower_brim_width = 2
; wipe_tower_cone_angle = 0
; wipe_tower_extra_flow = 100%
; wipe_tower_extra_spacing = 100%
; wipe_tower_extruder = 0
; wipe_tower_no_sparse_layers = 0
; wipe_tower_width = 60
; wiping_volumes_matrix = 0,140,140,140,140,140,0,140,140,140,140,140,0,140,140,140,140,140,0,140,140,140,140,140,0
; wiping_volumes_use_custom_matrix = 0
; xy_size_compensation = 0
; z_offset = 0
; prusaslicer_config = end
